id,name,target_gene_id,target_gene_name,sgRNA_long
BACH2_1_CRISPRi,BACH2_1,ENSG00000112182,BACH2,BACH2_GCGCTGTGCGACCGCAGCCC
BACH2_2_CRISPRi,BACH2_2,ENSG00000112182,BACH2,BACH2_CAGCAGCGGCCGTGCACGCC
BATF_1_CRISPRi,BATF_1,ENSG00000156127,BATF,BATF_CCTGCGTCCTCCTCACTCTG
BATF_2_CRISPRi,BATF_2,ENSG00000156127,BATF,BATF_TCCCTCTGCACCCCAGAGTG
BPTF_1_CRISPRi,BPTF_1,ENSG00000171634,BPTF,BPTF_AAGGCTCAATCCGAATTGCT
BPTF_2_CRISPRi,BPTF_2,ENSG00000171634,BPTF,BPTF_GATGGCGGCTGAAGGCGATC
CBFB_1_CRISPRi,CBFB_1,ENSG00000067955,CBFB,CBFB_GCGGCAGGCAACGGCTGAGG
CBFB_2_CRISPRi,CBFB_2,ENSG00000067955,CBFB,CBFB_GGCAACGGCTGAGGCGGCGG
DNMT1_1_CRISPRi,DNMT1_1,ENSG00000130816,DNMT1,DNMT1_GGGCAGCGAGATGGCCGGGA
DNMT1_2_CRISPRi,DNMT1_2,ENSG00000130816,DNMT1,DNMT1_TGCTGAAGCCTCCGAGATGC
ETS1_1_CRISPRi,ETS1_1,ENSG00000134954,ETS1,ETS1_CGAGGGCCGGGCAGGAGGAG
ETS1_2_CRISPRi,ETS1_2,ENSG00000134954,ETS1,ETS1_GGCGCGGCGCGGGCGAGGCT
FOXO1_1_CRISPRi,FOXO1_1,ENSG00000150907,FOXO1,FOXO1_CAGGGCCGCGGACGGAAGGA
FOXO1_2_CRISPRi,FOXO1_2,ENSG00000150907,FOXO1,FOXO1_GCGCAGCGGGCGCGCCGCTG
IL2RA_1_CRISPRi,IL2RA_1,ENSG00000134460,IL2RA,IL2RA_GGCATCGCGCCGGAGGATGT
IL2RA_2_CRISPRi,IL2RA_2,ENSG00000134460,IL2RA,IL2RA_TCTTCCCATCCCACATCCTC
IRF1_1_CRISPRi,IRF1_1,ENSG00000125347,IRF1,IRF1_GCCCGAGCCCCGCCGAACCG
IRF1_2_CRISPRi,IRF1_2,ENSG00000125347,IRF1,IRF1_CGGCCGGCGTGGACTGGGCA
IRF2_1_CRISPRi,IRF2_1,ENSG00000168310,IRF2,IRF2_TTTCGATCTGGACTGTTCTC
IRF2_2_CRISPRi,IRF2_2,ENSG00000168310,IRF2,IRF2_GACTGTTCTCAGGCAAGCCG
IRF4_1_CRISPRi,IRF4_1,ENSG00000137265,IRF4,IRF4_GTCCAGGGCGAGGTAAGGGC
IRF4_2_CRISPRi,IRF4_2,ENSG00000137265,IRF4,IRF4_TCGGAGCTGAGGGCAGCGGT
KLF13_1_CRISPRi,KLF13_1,ENSG00000169926,KLF13,KLF13_CCGGTTCTAAGGATGCCGAG
KLF13_2_CRISPRi,KLF13_2,ENSG00000169926,KLF13,KLF13_GGGACCACCTCGCCAAGTCG
LEF1_1_CRISPRi,LEF1_1,ENSG00000138795,LEF1,LEF1_ATCTGCCTTCTCTATCCCAA
LEF1_2_CRISPRi,LEF1_2,ENSG00000138795,LEF1,LEF1_TCGTACTCACCTCTGCCATT
MED11_1_CRISPRi,MED11_1,ENSG00000161920,MED11,MED11_GAACAAGCGTCGCGTTTCTG
MED11_2_CRISPRi,MED11_2,ENSG00000161920,MED11,MED11_GTAGGTAGCCATTATCACTC
MED12_1_CRISPRi,MED12_1,ENSG00000184634,MED12,MED12_ACGGCGGCCGAGAGACAACA
MED12_2_CRISPRi,MED12_2,ENSG00000184634,MED12,MED12_GGCGGCCGAGAGACAACAAG
MED24_1_CRISPRi,MED24_1,ENSG00000008838,MED24,MED24_CCACCTAGAACTGGATTGTG
MED24_2_CRISPRi,MED24_2,ENSG00000008838,MED24,MED24_CCGCACAATCCAGTTCTAGG
MYB_1_CRISPRi,MYB_1,ENSG00000118513,MYB,MYB_GGAGCGCCGCTGCGCAGCCG
MYB_2_CRISPRi,MYB_2,ENSG00000118513,MYB,MYB_GTCCCTCCCCGGCTGCGCAG
MYC_1_CRISPRi,MYC_1,ENSG00000136997,MYC,MYC_AGGCAGAGGGAGCGAGCGGG
MYC_2_CRISPRi,MYC_2,ENSG00000136997,MYC,MYC_GTAATTCCAGCGAGAGGCAG
NFKB2_1_CRISPRi,NFKB2_1,ENSG00000077150,NFKB2,NFKB2_TGGAGAGCGAGATCCGGAGT
NFKB2_2_CRISPRi,NFKB2_2,ENSG00000077150,NFKB2,NFKB2_CGGATCTCACCCGCCACACC
PRDM1_1_CRISPRi,PRDM1_1,ENSG00000057657,PRDM1,PRDM1_AGAGGCAAGAGCAGCGACCG
PRDM1_2_CRISPRi,PRDM1_2,ENSG00000057657,PRDM1,PRDM1_GGCCCTCCAGTGTTGCGGAG
STAT5B_1_CRISPRi,STAT5B_1,ENSG00000173757,STAT5B,STAT5B_GGCCGAGGGAGGGAGCGAGC
STAT5B_2_CRISPRi,STAT5B_2,ENSG00000173757,STAT5B,STAT5B_CCAGCGCAGGCAACTCCGCG
USP22_1_CRISPRi,USP22_1,ENSG00000124422,USP22,USP22_GCGCCGAGAACAAAGCGCGG
USP22_2_CRISPRi,USP22_2,ENSG00000124422,USP22,USP22_CGGGCGCCGAGAACAAAGCG
ZNF217_1_CRISPRi,ZNF217_1,ENSG00000171940,ZNF217,ZNF217_TGAGCTGACACCACTCGGGC
ZNF217_2_CRISPRi,ZNF217_2,ENSG00000171940,ZNF217,ZNF217_TGACACCACTCGGGCCGGCC
SOCS3_1_CRISPRi,SOCS3_1,ENSG00000184557,SOCS3,SOCS3_CGGGGCCGAAGCGGCAGCAG
SOCS3_2_CRISPRi,SOCS3_2,ENSG00000184557,SOCS3,SOCS3_TGGGCCGGGCGGGCGGCTGG
ATXN7L3_1_CRISPRi,ATXN7L3_1,ENSG00000087152,ATXN7L3,ATXN7L3_ACTGCTCGCGCCTGCTAGAA
ATXN7L3_2_CRISPRi,ATXN7L3_2,ENSG00000087152,ATXN7L3,ATXN7L3_GAGCGCGTGCATCTGCCCCG
TAF5L_1_CRISPRi,TAF5L_1,ENSG00000135801,TAF5L,TAF5L_GCGCGGGGGCCCAGCTGAGC
TAF5L_2_CRISPRi,TAF5L_2,ENSG00000135801,TAF5L,TAF5L_CGGCCGCCCAGAGCGGCGGC
MEF2D_1_CRISPRi,MEF2D_1,ENSG00000116604,MEF2D,MEF2D_GCCGAGCGCCTGAGCCGCCT
MEF2D_2_CRISPRi,MEF2D_2,ENSG00000116604,MEF2D,MEF2D_CAAAATATCAACAACAGCCG
KLF2_1_CRISPRi,KLF2_1,ENSG00000127528,KLF2,KLF2_CCGGGGAGAAAGGACGCGGA
KLF2_2_CRISPRi,KLF2_2,ENSG00000127528,KLF2,KLF2_GTGAGTGGCTGCCCGAGGCC
Non-Targeting_1_CRISPRi,Non-Targeting_1,Non-Targeting,Non-Targeting,NO-TARGET_CGCGGAAATTTTACCGACGA
Non-Targeting_2_CRISPRi,Non-Targeting_2,Non-Targeting,Non-Targeting,NO-TARGET_GGGATGCGTCTTGCTAAACC
Non-Targeting_3_CRISPRi,Non-Targeting_3,Non-Targeting,Non-Targeting,NO-TARGET_GAGGACCTTAAGGTGACATG
Non-Targeting_4_CRISPRi,Non-Targeting_4,Non-Targeting,Non-Targeting,NO-TARGET_GCTGTTCCGAAGTTGAGAAT
Non-Targeting_5_CRISPRi,Non-Targeting_5,Non-Targeting,Non-Targeting,NO-TARGET_ACGCCTCCTCAAATTAGCTC
Non-Targeting_6_CRISPRi,Non-Targeting_6,Non-Targeting,Non-Targeting,NO-TARGET_GAAACGAGAAGTTTGTACTA
Non-Targeting_7_CRISPRi,Non-Targeting_7,Non-Targeting,Non-Targeting,NO-TARGET_TAATGCTGCACACGCCGAAT
Non-Targeting_8_CRISPRi,Non-Targeting_8,Non-Targeting,Non-Targeting,NO-TARGET_GGCTGGTTGACGACTCCTGA
Non-Targeting_9_CRISPRi,Non-Targeting_9,Non-Targeting,Non-Targeting,NO-TARGET_TAACCGATACTCCCCACATT