GAGTCGGACTCCGCCATG	AHR
CACAGCATACTAGCGACC	ARID1A
AAGTTTGAGCGATGCCGT	ARRDC3
GCTAAGGGTTTGATGAGG	ATL1
TCAGACGTGGTGAGATCG	BAK1
ATCCGATACACAACCGGG	BCL2L11
ATCCGCATCCTACCTTAG	BCORL1
AGGTAGGGAAAGACAAAG	BPGM
CACTAAATGCGTGAAGTC	C19orf26__ENSG00000099625
CATGCGAAGCCAACAGTG	C3orf72__ENSG00000206262
TCGATTGGGAGGCAGGAA	CBFA2T3
GAAAGAGACCTGCCAATT	CBL
GACTACCTGGGCACATAC	CDKN1A
AATGACCCGATCTGTTTG	CDKN1B
CGGAGAGCCGGGATCTAC	CDKN1C
GGCAACAGATACAAGCTG	CEBPA
CTCGACAGTCGGCCGCTT	CEBPB
ACAGCTGTACGCGAACGG	CEBPE
CGCGCGAGGTAATGCTCA	CELF2
ATGCCCGATCATCGCGTC	CITED1
GCCTTCCATGAGACCGTG	CKS1B
GCCGGTGAAGCGCACCCA	CLDN6
GACGCGAGTAGGAACCCG	CNN1
TCGAATACGCTTTGAGGA	CNNM4
TGCGATGTAAGCATCGTA	COL1A1
TCACTGATTTCGCAGCCA	COL2A1
TCATGTCCACCCGAGATG	CSRNP1
GCGATAACACCCGGATAG	DLX2
CTTAAGAGAATCTGCCCG	DUSP9
GGGTGGTTATCACATAGG	EGR1
GTGATCGTCCGACACATG	ELMSAN1__ENSG00000156030
GTTGCTCGCTTACGACGA	ETS2
ACGCGATTCTCAGCTTCA	FEV
GGCGCAGCTGCGTGTACG	FOSB
AAGTAGGACAACCTCCAG	FOXA1
CGACTGGGCGACACACGG	FOXA3
GCTACGCACCCATAAGTT	FOXF1
CGTGCGGCTTATTGTGTG	FOXL2
TGTACCCTTTCGACCAAA	FOXO4
AGCTGAGACGTTATCGTC	GLB1L2
AACCAATGGACTGGCCTG	HES7
CGCTCAATACCGTTAAAG	HK2
AGTATCACGCGAAGACGT	HNF4A
GGCCTCAGCAGTAGTCTG	HOXA13
CTGCCTGTAGCCTTAAAG	HOXB9
GCTGCCCGCCACTTGAGG	HOXC13
CTATATACCAGGGTGCAT	HOXC13
TCAGAGCCGCGTGTGCCT	IER5L
GCGGATATGTGTCGATGG	IGDCC3
CGACACGAGGTCGGTCTT	IKZF3
GTGAAGCATATGCTACGA	IRF1
ACAAGGCTGCAGAGTGAG	ISL2
ACCTGTTCAGGAGTAGGG	JUN
CCGTGAGTTATCCAACAC	KIAA1804__ENSG00000143674
AACGCTCCTCCGTGGAAA	KIF18B
ATGCAGAGTTTGTTGTCA	KIF2C
ATGGAAGTCGGCACCGTC	KLF1
CCCGTTGCAGTCTACAGG	KMT2A
CGTTTGCAGCGGACATTG	LHX1
GAATCTATCGCTGCAACA	LYL1
GAACGCTGCAGATCACCA	MAML2
TTACCAGTGTCGCCCTTG	MAP2K3
ACTGTCCACACCTTCACG	MAP2K6
TGCGCTCACTTAACCCTA	MAP4K3
CACCCTTCTGTTACAATG	MAP4K5
GCAGAATCCTGCCCGTTA	MAP7D1
GCTTTGGCGCGTAGATCT	OSR2
AACATAATGAGAACCTTG	PLK4
GTCTATGCATGATGTCGG	POU3F2
GTACACGACAACATGGAG	PRDM1
AACGATAACACTTGCGTG	MAPK1
CTAAGAAACGGTAAGTCG	MEIS1
GGCTAAAGTGCGGCACGG	MIDN
CTGAGACGAACGATAATG	NCL
GCCAAGGCGCAGCTATCG	NIT1
TGCGCCGTAAATTGCCAA	PRTG
GACCTGGGCTTCACGTAC	PTPN1
GTTGAAACCGTTGGTATC	PTPN12
CCCTGGGTCAGATGCACG	PTPN13
CTGTCAACAAGGGACGGC	PTPN9
TGCAAATGACCCTTCTCG	RHOXF2
TTGTTGAAACAATGAAAC	RREB1
CTCGTCGTTCTTGCCAGA	RUNX1T1
ATTTGCCACACGAGAGCG	S1PR2
CACGTTTGACTGCAGTAG	SAMD1
GTCAACTACGGCGATCGT	SET
CAAGGCGGACTGATGGAA	SGK1
ATCGGCGAGCGCATGCTG	SLC4A1
TTGCGAGCCTATCCAAAC	SLC6A9
AGTACCAGGGATCAACAT	SNAI1
TGCGGCGCGTGGATTACG	SPI1
GTGATAAGTACATGAAAA	STIL
TACATTCGCTTGCTTTGG	TBX2
CCGGTAGCTGAAACCGCG	TBX3
CGGCCGTCCCTGTGCTCG	TGFBR2
GAAGGGTAGTTCTAGACG	TMSB4X
ATCTGCTGGCAATATAGC	TP73
GCACGCAAGCTACAAGTG	TSC22D1
GTTTGTAAGGCCTGTACC	UBASH3A
CCGATACACGTGTTCTCG	UBASH3B
ACAGCCTAACCCATCGGG	ZBTB1
GCTACGAGTACACATGCG	ZBTB10
CAAGGGCCGATAAGCGGG	ZBTB10
CAGCCTTACCAGGTGCCG	ZBTB25
CCTGATCCGGCACCACGG	ZC3HAV1
GTCATCCAAGAACCACGG	ZNF318
GTTCAGCACAGGAGATTG	non-targeting
GCTAAGATCAAAGCTTCG	non-targeting
GTGCTAGCCGCAAAGTAC	non-targeting
TCCGAATATGGGTGGCGG	non-targeting
CTACAGATAGTGGCTAGG	BCL2L11;BAK1
CAACACAGTTCCCGCTCG	KLF1;BAK1
GATGAATCGCGACAAATA	TMSB4X;BAK1
ATGTCCCACCAGTATGCA	TGFBR2;C19orf26__ENSG00000099625
GCGATGTAACAAGCCGTG	FEV;CBFA2T3
CAGCCTGGACACTGTCGG	POU3F2;CBFA2T3
GCAGCCCATGTTCTTGAC	PRDM1;CBFA2T3
CCGAAACAACTGTCTCGA	CDKN1B;CDKN1A
CAACCGAGTGAATGACCG	CDKN1C;CDKN1A
CGAACACCGAGGCTCGTG	CDKN1C;CDKN1B
ATGTAATACCTGGCACTG	CEBPB;CEBPA
CATCCGATACTCTGCATA	CEBPE;CEBPA
ACTACAACGGAAACGTCA	JUN;CEBPA
TATGCGTGTTCGGCCACA	KLF1;CEBPA
ATAGCTGATAGGCAGCGG	ZC3HAV1;CEBPA
ACTCTGCCACTTGTTAGC	CEBPA
CAGACGTTTCCAGCAAGG	CEBPE;CEBPB
ATATGGCACTGAACTTAA	FOSB;CEBPB
AACATGCAAGACGCTTAG	JUN;CEBPB
CGGGACAACACTCGTGTC	LYL1;CEBPB
AGCACAACTATAAGACGG	CEBPB
GTTACAGGACCAGTCCAG	ETS2;CEBPE
AGGAAGTACGAATCCGAG	FOSB;CEBPE
TTTCTGACCGTTATCAGG	ZC3HAV1;CEBPE
TACAAACTACCAGACGCT	KLF1;CLDN6
CTGTGAATAGCCGCACTA	CBL;CNN1
GCGACGAGTGTACAAGGG	CEBPE;CNN1
AATGTGAACAAACATCTT	ETS2;CNN1
GGTTCACATAATTGCGGA	UBASH3B;CNN1
TGCTCCTACTTAACCCGT	CNN1
AGTAAGCCTACCTTCTTA	KLF1;COL2A1
GTCGAAGTGATAAACGCT	SNAI1;DLX2
CACTCCTTACACTCGCGG	ZBTB10;DLX2
TATGGCACGTCATGAATG	LHX1;ELMSAN1__ENSG00000156030
TCAAGCGCCTCCTTACAT	MAP2K3;ELMSAN1__ENSG00000156030
GCAACGGCAGGTTGAGAG	MAP2K6;ELMSAN1__ENSG00000156030
GGTACGATGTGATATGCG	ZBTB10;ELMSAN1__ENSG00000156030
ACAGGTAATTTCTGCCCG	DUSP9;ETS2
CGTTCTGTAACCTATTAT	TGFBR2;ETS2
GTACGCAATCACATCTAT	ETS2
CGTTCACAGTGCTCATGG	FOXA3;FOXA1
TAAGACCATGCGAGTCGG	KLF1;FOXA1
CCGAAGATGAATATTAGG	FOXA1;FOXF1
GCTCGCAGGTGCCCATTC	FOXA3;FOXF1
CGCTGATCTTGAATTACG	C3orf72__ENSG00000206262;FOXL2
TCCTTATTCGGGTAGATG	FOXA1;FOXL2
AGGTTCCTTCATCAAGTG	FOXA3;FOXL2
GCGATTCATAGTGTGACG	FOXF1;FOXL2
GCCTCAGTACGTCCCATG	POU3F2;FOXL2
CCTACAGAGCCCGACAAG	ZNF318;FOXL2
AGAGACGAAGCGCCAGAT	FOXA1;HOXB9
ACTGCCCGCGCGTCAAAG	FOXA3;HOXB9
CAGATACCTAAACCTTCC	FOXF1;HOXB9
ACACCATTCGCGTGCCAG	FOXL2;HOXB9
TTATTGACAAGTCTTATG	KLF1;HOXC13
TTCTGCGCCGACGATCCA	ZC3HAV1;HOXC13
GCATGCAAGAGATACCGG	LYL1;IER5L
TTCGCGATTAACTTCATG	DUSP9;IGDCC3
GCGGACCGGCTATGCTTG	ETS2;IGDCC3
ACGTATTAAACAATCTGG	TGFBR2;IGDCC3
AACTAGCCCTCCGAAATT	TGFBR2;IGDCC3
AGTGGGAGTGCCGTACGT	ETS2;IKZF3
TCTCACCTTGGTCATCTG	FOSB;IKZF3
AGCCACGCTCCGGGACGC	MAP2K3;IKZF3
TCCCGACACGTACCCGAG	MAP2K6;IKZF3
CCACGGACAGAGTGGACG	MAPK1;IKZF3
GCTACCTCCGGTGGATCC	FEV;ISL2
CGGGACAGGCGACCCGTA	KIF18B;KIF2C
CGCCTCCATCTCTAAACG	CEBPE;KLF1
ACGATCACCGGATCATCG	DUSP9;KLF1
TTCGTAGCCTGACAGGCG	KLF1;MAP2K6
TGGCTGTCCCATGCCGCG	MAP2K3;MAP2K6
CGGAACCGAAGCTTAAGG	ETS2;MAP7D1
CACCAGTGTAGCACCGTC	FEV;MAP7D1
TGCCGTCACAGGCAGTCG	CEBPB;MAPK1
CCCGTCAGCTCGCATCAG	CNN1;MAPK1
GTCCTGCGGCTCTTGTGG	DUSP9;MAPK1
AGGGCCACAAACTTAGGG	ETS2;MAPK1
CCCGCAACGTAAGCCGGG	IGDCC3;MAPK1
TAACGTGGACAACGCACG	MAPK1
CTTCAGTAGAACCCGAAG	FOXL2;MEIS1
GCTACCATAAGACAAGAC	CEBPB;OSR2
CACACGCCCACTACACTG	FOSB;OSR2
ATTTCCCATCGTGCGTCA	PTPN12;OSR2
CGTGAAGAGCGGATCGCA	UBASH3B;OSR2
CAGTTGGTGCTTTACATG	DUSP9;PRTG
TAGCAACGGCACATATGG	ETS2;PRTG
GGCTGTGGTGCGAAATGA	IGDCC3;PRTG
GTTCCGCGATGTCGTTCA	MAPK1;PRTG
CGCCTACGGCAAACCGCC	TGFBR2;PRTG
CCGATTTGCTTGTTCAGG	CBL;PTPN12
TTGGCGACCATAAGACGG	CEBPB;PTPN12
TCATCACGCTTGCGAAGG	CEBPE;PTPN12
CCGGTGCAGCAGTGAAAT	FOSB;PTPN12
CCTTGCTGAGCTGATAGG	SAMD1;PTPN12
TAACTACTGTAAGCGGTT	UBASH3B;PTPN12
CGCCTCAAGTCTACAACA	ZBTB10;PTPN12
CGCTAACTCCGCAATCAG	PTPN12
TTCGATCGCTGCCAGCAC	CBL;PTPN9
TTCGTGGTCCCTGTGCGC	PTPN12;PTPN9
AGAAGAGACTACTCGGAA	UBASH3B;PTPN9
AACAATGCATACGGTACG	CEBPE;RUNX1T1
ACCGCTAACGTTATCGGT	SGK1;S1PR2
GCAATCCAGGCCGTTACG	BPGM;SAMD1
ACCCGAGTTACTGATGAG	IRF1;SET
CGAAGCAATTACGGAGGG	RHOXF2;SET
AGAGCATGGTAAGTGATC	MAP2K3;SLC38A2
TAGAAGAGTGCCGGCACG	DUSP9;SNAI1
GCTCGTAGTGGAACCCAG	PTPN12;SNAI1
AAACCAAACTCGGTCAAT	ZBTB10;SNAI1
TACCGCGACGACGCAATA	CEBPE;SPI1
CCAGTCGTGAAACCCGGG	MAP2K6;SPI1
TGCGCAATGATGGAGTGT	PLK4;STIL
CGCAATAGCACTTGAACG	SGK1;TBX2
ATCTACAATGTTTGTCGG	TBX3;TBX2
CTAACTCCTCGTATCTCG	SGK1;TBX3
TGGCTGCCATACGCCTCC	BCL2L11;TGFBR2
ATGGTGTACCATCTAACA	CBL;TGFBR2
CGCGGTTATAGTTGCAGT	KLF1;TGFBR2
CTGTTGTGGTCAGCGCCG	MAPK1;TGFBR2
ACGTCACGGTGTATGCAG	SAMD1;TGFBR2
CCTAGAATACGATGTGAC	CBL;UBASH3A
AGCAGGATAAGACCACAC	CNN1;UBASH3A
GACGCACGCCTGATTAGG	PTPN12;UBASH3A
CGGTCAGGAATATTCTCG	UBASH3B;UBASH3A
ACTTGATTTCGCTGAAGG	UBASH3A
CCCACCACGACCGCCAAG	CBL;UBASH3B
GCTTCGAACCCTACCAGG	FOSB;UBASH3B
GAGTCGAACTCTTGGATT	SAMD1;UBASH3B
TAATACACGCACATGAAG	SNAI1;UBASH3B
AGGCTGCCATGCGTAACG	UBASH3B
ACCGTCCCATTGCCTTTG	BPGM;ZBTB1
AACAAAGCAACCGAGAAT	SAMD1;ZBTB1
TCCTACTCCTCAGCAATG	IGDCC3;ZBTB25
TCGGAACCCGTATGCTAG	PTPN12;ZBTB25
CTGCCGTCACACTTGTTG	RHOXF2;ZBTB25
TGTACGGATGTGCCAGTC	UBASH3B;ZBTB25
GTTAGGCCTAGCGACTGG	AHR;FEV
CCATCAAACTACCGTGTG	AHR;KLF1
ACAGCAGATCAGATGCGA	SET;KLF1
GGAATGCATGACCTGAGA	SET;CEBPE
CCCAGCGGACCATGTGAC	BAK1
TCGCACATCCCGTACCGG	C19orf26__ENSG00000099625
CTTATCTGTTTGAAGCAG	CBFA2T3
CCGGAGGTGATAGCGATG	CDKN1A
TGCGAGCACGTAATTCAT	CDKN1B
TCGACATGTTCTGGAACG	CEBPE
TACCGGTATCGATCCAGA	CLDN6
AACTAGGTATCCGCTGGG	COL2A1
CGATCAACGCAGAGACGG	DLX2
TACAGTATCGCTAATACA	ELMSAN1__ENSG00000156030
ATTCCTCCGTAGACACGA	FOXA1
CGTGCCACCCACGACAAG	FOXF1
CTGCATTGAGTTAGGCTT	FOXL2
CGTCAGTTGGACAATATC	HOXB9
AGTCTCAGGTCGTCGCGG	HOXC13
AATCCGGAAGCCATTAGC	IER5L
GAGTACACAAGACAAACT	IGDCC3
TCGTACACCATGATTCCG	IKZF3
ATAGTACACGCCCACCAC	ISL2
TCATCGTCTTTACCGGTG	KIF2C
CATGCCAGAATATGCGGG	KLF1
GCGACTCGGATGTGTTTG	MAP2K6
ACAACTACCTCCATAGCT	MAP7D1
TGGCATGCGCCATCAATG	MEIS1
CCTGACCAGTGGGTATCG	OSR2
AAGAACTTTAGCGCATAG	PRTG
CCGACCTTACCACATGCA	PTPN9
CTCCTTCTTACGTACGTC	RUNX1T1
GCACCCTGGCGATTCGGG	S1PR2
TTCAAGGCCAGGTCGGAG	SAMD1
CGAGGAAATGCTAAGGAG	SET
AGGTACCCGAAATCTTGG	SLC38A2
GAAAGCGAGTCTGAACAC	SNAI1
AATATGCCGCAATATGCG	SPI1
TGTCGACTACGCTGAGCG	STIL
ACTAAATCGATCTCCCAT	TBX2
CCCGTATCTGGGTTTGAC	TBX3
GGTCCGGCGACCAACCCA	TGFBR2
TAGCTGCCGCCGTCACTG	ZBTB1
CGCCAAGTGCTTGTCGTC	ZBTB25
GTCGTCGAGGTCGGTGAG	FEV
