sample_id	mRNA_srrs	sgRNA_srrs
1	SRR28689786;SRR28689805;SRR28689893;SRR28689961;SRR28689980;SRR28689993;SRR28690240;SRR28690241;SRR28690259;SRR28690279;SRR28690281;SRR28690312;SRR28690327;SRR28690364;SRR28690472;SRR28690531	SRR28689775;SRR28689797;SRR28689816;SRR28689854;SRR28689950;SRR28689962;SRR28689969;SRR28690004;SRR28690020;SRR28690148;SRR28690252;SRR28690270;SRR28690280;SRR28690301;SRR28690338;SRR28690520
2	SRR28689892;SRR28689913;SRR28689930;SRR28690134;SRR28690147;SRR28690164;SRR28690183;SRR28690205;SRR28690227;SRR28690434;SRR28690451;SRR28690471;SRR28690494;SRR28690629;SRR28690649;SRR28690666	SRR28689881;SRR28689902;SRR28689919;SRR28689941;SRR28690123;SRR28690136;SRR28690175;SRR28690194;SRR28690216;SRR28690291;SRR28690423;SRR28690462;SRR28690483;SRR28690505;SRR28690618;SRR28690638
3	SRR28689844;SRR28689853;SRR28690015;SRR28690017;SRR28690019;SRR28690038;SRR28690056;SRR28690077;SRR28690095;SRR28690112;SRR28690363;SRR28690382;SRR28690399;SRR28690556;SRR28690573;SRR28690590	SRR28689833;SRR28689865;SRR28690016;SRR28690018;SRR28690027;SRR28690045;SRR28690066;SRR28690106;SRR28690347;SRR28690352;SRR28690393;SRR28690410;SRR28690545;SRR28690562;SRR28690584;SRR28690601
4	SRR28689992;SRR28689995;SRR28689997;SRR28689999;SRR28690001;SRR28690003;SRR28690006;SRR28690008;SRR28690010;SRR28690012;SRR28690014;SRR28690274;SRR28690276;SRR28690278;SRR28690344;SRR28690346	SRR28689991;SRR28689994;SRR28689996;SRR28689998;SRR28690000;SRR28690002;SRR28690005;SRR28690007;SRR28690009;SRR28690011;SRR28690013;SRR28690273;SRR28690275;SRR28690277;SRR28690343;SRR28690345
5	SRR28689807;SRR28689809;SRR28689811;SRR28689813;SRR28689815;SRR28689818;SRR28689820;SRR28689822;SRR28690256;SRR28690258;SRR28690261;SRR28690263;SRR28690265;SRR28690267;SRR28690269;SRR28690272	SRR28689806;SRR28689808;SRR28689810;SRR28689812;SRR28689814;SRR28689817;SRR28689819;SRR28689821;SRR28690255;SRR28690257;SRR28690260;SRR28690262;SRR28690264;SRR28690266;SRR28690268;SRR28690271
6	SRR28689800;SRR28689802;SRR28689804;SRR28690251;SRR28690254;SRR28690320;SRR28690322;SRR28690324;SRR28690326;SRR28690329;SRR28690331;SRR28690333;SRR28690335;SRR28690337;SRR28690340;SRR28690342	SRR28689799;SRR28689801;SRR28689803;SRR28690250;SRR28690253;SRR28690319;SRR28690321;SRR28690323;SRR28690325;SRR28690328;SRR28690330;SRR28690332;SRR28690334;SRR28690336;SRR28690339;SRR28690341
7	SRR28689783;SRR28689785;SRR28689788;SRR28689790;SRR28689792;SRR28689794;SRR28689796;SRR28690231;SRR28690233;SRR28690235;SRR28690237;SRR28690239;SRR28690243;SRR28690245;SRR28690247;SRR28690249	SRR28689782;SRR28689784;SRR28689787;SRR28689789;SRR28689791;SRR28689793;SRR28689795;SRR28689798;SRR28690232;SRR28690234;SRR28690236;SRR28690238;SRR28690242;SRR28690244;SRR28690246;SRR28690248
8	SRR28689772;SRR28689774;SRR28689777;SRR28689779;SRR28689781;SRR28689968;SRR28689971;SRR28689973;SRR28689975;SRR28689977;SRR28689979;SRR28689982;SRR28689984;SRR28689986;SRR28689988;SRR28689990	SRR28689773;SRR28689776;SRR28689778;SRR28689780;SRR28689967;SRR28689970;SRR28689972;SRR28689974;SRR28689976;SRR28689978;SRR28689981;SRR28689983;SRR28689985;SRR28689987;SRR28689989;SRR28690536
9	SRR28690305;SRR28690307;SRR28690309;SRR28690311;SRR28690314;SRR28690316;SRR28690318;SRR28690517;SRR28690519;SRR28690522;SRR28690524;SRR28690526;SRR28690528;SRR28690530;SRR28690533;SRR28690535	SRR28690304;SRR28690306;SRR28690308;SRR28690310;SRR28690313;SRR28690315;SRR28690317;SRR28690516;SRR28690518;SRR28690521;SRR28690523;SRR28690525;SRR28690527;SRR28690529;SRR28690532;SRR28690534
10	SRR28689943;SRR28689945;SRR28689947;SRR28689949;SRR28689952;SRR28689954;SRR28689956;SRR28689958;SRR28689960;SRR28689964;SRR28689966;SRR28690229;SRR28690296;SRR28690298;SRR28690300;SRR28690303	SRR28689944;SRR28689946;SRR28689948;SRR28689951;SRR28689953;SRR28689955;SRR28689957;SRR28689959;SRR28689963;SRR28689965;SRR28690228;SRR28690230;SRR28690295;SRR28690297;SRR28690299;SRR28690302
11	SRR28690193;SRR28690196;SRR28690198;SRR28690200;SRR28690202;SRR28690204;SRR28690207;SRR28690209;SRR28690211;SRR28690213;SRR28690215;SRR28690218;SRR28690220;SRR28690222;SRR28690224;SRR28690226	SRR28690192;SRR28690195;SRR28690197;SRR28690199;SRR28690201;SRR28690203;SRR28690206;SRR28690208;SRR28690210;SRR28690212;SRR28690214;SRR28690217;SRR28690219;SRR28690221;SRR28690223;SRR28690225
12	SRR28690185;SRR28690187;SRR28690189;SRR28690191;SRR28690491;SRR28690493;SRR28690496;SRR28690498;SRR28690500;SRR28690502;SRR28690504;SRR28690507;SRR28690509;SRR28690511;SRR28690513;SRR28690515	SRR28690184;SRR28690186;SRR28690188;SRR28690190;SRR28690490;SRR28690492;SRR28690495;SRR28690497;SRR28690499;SRR28690501;SRR28690503;SRR28690506;SRR28690508;SRR28690510;SRR28690512;SRR28690514
13	SRR28690170;SRR28690172;SRR28690174;SRR28690177;SRR28690179;SRR28690181;SRR28690468;SRR28690470;SRR28690474;SRR28690476;SRR28690478;SRR28690480;SRR28690482;SRR28690485;SRR28690487;SRR28690489	SRR28690169;SRR28690171;SRR28690173;SRR28690176;SRR28690178;SRR28690180;SRR28690182;SRR28690469;SRR28690473;SRR28690475;SRR28690477;SRR28690479;SRR28690481;SRR28690484;SRR28690486;SRR28690488
14	SRR28690159;SRR28690161;SRR28690163;SRR28690166;SRR28690168;SRR28690444;SRR28690446;SRR28690448;SRR28690450;SRR28690453;SRR28690455;SRR28690457;SRR28690459;SRR28690461;SRR28690464;SRR28690466	SRR28690160;SRR28690162;SRR28690165;SRR28690167;SRR28690294;SRR28690445;SRR28690447;SRR28690449;SRR28690452;SRR28690454;SRR28690456;SRR28690458;SRR28690460;SRR28690463;SRR28690465;SRR28690467
15	SRR28689932;SRR28689934;SRR28689936;SRR28689938;SRR28689940;SRR28690282;SRR28690284;SRR28690286;SRR28690288;SRR28690290;SRR28690293;SRR28690657;SRR28690659;SRR28690661;SRR28690663;SRR28690665	SRR28689931;SRR28689933;SRR28689935;SRR28689937;SRR28689939;SRR28689942;SRR28690283;SRR28690285;SRR28690287;SRR28690289;SRR28690292;SRR28690658;SRR28690660;SRR28690662;SRR28690664;SRR28690667
16	SRR28689921;SRR28689923;SRR28689925;SRR28689927;SRR28689929;SRR28690135;SRR28690138;SRR28690140;SRR28690142;SRR28690144;SRR28690146;SRR28690150;SRR28690152;SRR28690154;SRR28690156;SRR28690158	SRR28689920;SRR28689922;SRR28689924;SRR28689926;SRR28689928;SRR28690137;SRR28690139;SRR28690141;SRR28690143;SRR28690145;SRR28690149;SRR28690151;SRR28690153;SRR28690155;SRR28690157;SRR28690443
17	SRR28690420;SRR28690422;SRR28690425;SRR28690427;SRR28690429;SRR28690431;SRR28690433;SRR28690436;SRR28690438;SRR28690440;SRR28690442;SRR28690646;SRR28690648;SRR28690651;SRR28690653;SRR28690655	SRR28690421;SRR28690424;SRR28690426;SRR28690428;SRR28690430;SRR28690432;SRR28690435;SRR28690437;SRR28690439;SRR28690441;SRR28690645;SRR28690647;SRR28690650;SRR28690652;SRR28690654;SRR28690656
18	SRR28689897;SRR28689899;SRR28689901;SRR28689904;SRR28689906;SRR28689908;SRR28689910;SRR28689912;SRR28689915;SRR28689917;SRR28690633;SRR28690635;SRR28690637;SRR28690640;SRR28690642;SRR28690644	SRR28689896;SRR28689898;SRR28689900;SRR28689903;SRR28689905;SRR28689907;SRR28689909;SRR28689911;SRR28689914;SRR28689916;SRR28689918;SRR28690634;SRR28690636;SRR28690639;SRR28690641;SRR28690643
19	SRR28689885;SRR28689887;SRR28689889;SRR28689891;SRR28689895;SRR28690609;SRR28690611;SRR28690613;SRR28690615;SRR28690617;SRR28690620;SRR28690622;SRR28690624;SRR28690626;SRR28690628;SRR28690631	SRR28689884;SRR28689886;SRR28689888;SRR28689890;SRR28689894;SRR28690610;SRR28690612;SRR28690614;SRR28690616;SRR28690619;SRR28690621;SRR28690623;SRR28690625;SRR28690627;SRR28690630;SRR28690632
20	SRR28689872;SRR28689874;SRR28689876;SRR28689878;SRR28689880;SRR28689883;SRR28690114;SRR28690116;SRR28690118;SRR28690120;SRR28690122;SRR28690125;SRR28690127;SRR28690129;SRR28690131;SRR28690133	SRR28689871;SRR28689873;SRR28689875;SRR28689877;SRR28689879;SRR28689882;SRR28690113;SRR28690115;SRR28690117;SRR28690119;SRR28690121;SRR28690124;SRR28690126;SRR28690128;SRR28690130;SRR28690132
21	SRR28690111;SRR28690396;SRR28690398;SRR28690401;SRR28690403;SRR28690405;SRR28690407;SRR28690409;SRR28690412;SRR28690414;SRR28690416;SRR28690418;SRR28690600;SRR28690603;SRR28690605;SRR28690607	SRR28690397;SRR28690400;SRR28690402;SRR28690404;SRR28690406;SRR28690408;SRR28690411;SRR28690413;SRR28690415;SRR28690417;SRR28690419;SRR28690599;SRR28690602;SRR28690604;SRR28690606;SRR28690608
22	SRR28689850;SRR28689852;SRR28689856;SRR28689858;SRR28689860;SRR28689862;SRR28689864;SRR28689867;SRR28689869;SRR28690585;SRR28690587;SRR28690589;SRR28690592;SRR28690594;SRR28690596;SRR28690598	SRR28689849;SRR28689851;SRR28689855;SRR28689857;SRR28689859;SRR28689861;SRR28689863;SRR28689866;SRR28689868;SRR28689870;SRR28690586;SRR28690588;SRR28690591;SRR28690593;SRR28690595;SRR28690597
23	SRR28689848;SRR28690088;SRR28690090;SRR28690092;SRR28690094;SRR28690097;SRR28690099;SRR28690101;SRR28690103;SRR28690105;SRR28690108;SRR28690110;SRR28690388;SRR28690390;SRR28690392;SRR28690395	SRR28689847;SRR28690087;SRR28690089;SRR28690091;SRR28690093;SRR28690096;SRR28690098;SRR28690100;SRR28690102;SRR28690104;SRR28690107;SRR28690109;SRR28690387;SRR28690389;SRR28690391;SRR28690394
24	SRR28690373;SRR28690375;SRR28690377;SRR28690379;SRR28690381;SRR28690384;SRR28690386;SRR28690566;SRR28690568;SRR28690570;SRR28690572;SRR28690575;SRR28690577;SRR28690579;SRR28690581;SRR28690583	SRR28690372;SRR28690374;SRR28690376;SRR28690378;SRR28690380;SRR28690383;SRR28690385;SRR28690565;SRR28690567;SRR28690569;SRR28690571;SRR28690574;SRR28690576;SRR28690578;SRR28690580;SRR28690582
25	SRR28690063;SRR28690065;SRR28690068;SRR28690070;SRR28690072;SRR28690074;SRR28690076;SRR28690079;SRR28690081;SRR28690083;SRR28690085;SRR28690366;SRR28690368;SRR28690370;SRR28690561;SRR28690564	SRR28690064;SRR28690067;SRR28690069;SRR28690071;SRR28690073;SRR28690075;SRR28690078;SRR28690080;SRR28690082;SRR28690084;SRR28690086;SRR28690365;SRR28690367;SRR28690369;SRR28690371;SRR28690563
26	SRR28690044;SRR28690047;SRR28690049;SRR28690051;SRR28690053;SRR28690055;SRR28690058;SRR28690060;SRR28690062;SRR28690349;SRR28690351;SRR28690354;SRR28690356;SRR28690358;SRR28690360;SRR28690362	SRR28690043;SRR28690046;SRR28690048;SRR28690050;SRR28690052;SRR28690054;SRR28690057;SRR28690059;SRR28690061;SRR28690348;SRR28690350;SRR28690353;SRR28690355;SRR28690357;SRR28690359;SRR28690361
27	SRR28689841;SRR28689843;SRR28689846;SRR28690040;SRR28690042;SRR28690538;SRR28690540;SRR28690542;SRR28690544;SRR28690547;SRR28690549;SRR28690551;SRR28690553;SRR28690555;SRR28690558;SRR28690560	SRR28689840;SRR28689842;SRR28689845;SRR28690039;SRR28690041;SRR28690537;SRR28690539;SRR28690541;SRR28690543;SRR28690546;SRR28690548;SRR28690550;SRR28690552;SRR28690554;SRR28690557;SRR28690559
28	SRR28689824;SRR28689826;SRR28689828;SRR28689830;SRR28689832;SRR28689835;SRR28689837;SRR28689839;SRR28690022;SRR28690024;SRR28690026;SRR28690029;SRR28690031;SRR28690033;SRR28690035;SRR28690037	SRR28689823;SRR28689825;SRR28689827;SRR28689829;SRR28689831;SRR28689834;SRR28689836;SRR28689838;SRR28690021;SRR28690023;SRR28690025;SRR28690028;SRR28690030;SRR28690032;SRR28690034;SRR28690036
29	SRR28707321;SRR28707359;SRR28707378;SRR28707395;SRR28707437;SRR28707439;SRR28707443;SRR28707620;SRR28707638;SRR28707655;SRR28707677;SRR28707744;SRR28707762;SRR28707763;SRR28707817;SRR28708041	SRR28707348;SRR28707360;SRR28707389;SRR28707406;SRR28707426;SRR28707438;SRR28707454;SRR28707609;SRR28707649;SRR28707666;SRR28707733;SRR28707755;SRR28707774;SRR28707782;SRR28708002;SRR28708056
30	SRR28707263;SRR28707283;SRR28707302;SRR28707320;SRR28707343;SRR28707551;SRR28707562;SRR28707603;SRR28707727;SRR28707872;SRR28707889;SRR28707908;SRR28707941;SRR28708040;SRR28708055;SRR28708072	SRR28707252;SRR28707272;SRR28707294;SRR28707313;SRR28707332;SRR28707540;SRR28707573;SRR28707592;SRR28707697;SRR28707716;SRR28707861;SRR28707878;SRR28707919;SRR28707930;SRR28708029;SRR28708067
31	SRR28707190;SRR28707207;SRR28707224;SRR28707246;SRR28707478;SRR28707495;SRR28707512;SRR28707683;SRR28707685;SRR28707781;SRR28707800;SRR28707816;SRR28707833;SRR28707968;SRR28707985;SRR28708001	SRR28707218;SRR28707235;SRR28707467;SRR28707506;SRR28707523;SRR28707682;SRR28707684;SRR28707689;SRR28707780;SRR28707789;SRR28707805;SRR28707844;SRR28707957;SRR28707974;SRR28707996;SRR28708013
32	SRR28707417;SRR28707419;SRR28707421;SRR28707423;SRR28707425;SRR28707428;SRR28707430;SRR28707432;SRR28707434;SRR28707436;SRR28707670;SRR28707672;SRR28707674;SRR28707676;SRR28707679;SRR28707681	SRR28707416;SRR28707418;SRR28707420;SRR28707422;SRR28707424;SRR28707427;SRR28707429;SRR28707431;SRR28707433;SRR28707435;SRR28707669;SRR28707671;SRR28707673;SRR28707675;SRR28707678;SRR28707680
33	SRR28707397;SRR28707399;SRR28707401;SRR28707403;SRR28707405;SRR28707408;SRR28707410;SRR28707412;SRR28707414;SRR28707654;SRR28707657;SRR28707659;SRR28707661;SRR28707663;SRR28707665;SRR28707668	SRR28707396;SRR28707398;SRR28707400;SRR28707402;SRR28707404;SRR28707407;SRR28707409;SRR28707411;SRR28707413;SRR28707415;SRR28707656;SRR28707658;SRR28707660;SRR28707662;SRR28707664;SRR28707667
34	SRR28707392;SRR28707394;SRR28707440;SRR28707442;SRR28707445;SRR28707447;SRR28707449;SRR28707451;SRR28707453;SRR28707456;SRR28707458;SRR28707460;SRR28707773;SRR28707776;SRR28707778;SRR28707948	SRR28707393;SRR28707441;SRR28707444;SRR28707446;SRR28707448;SRR28707450;SRR28707452;SRR28707455;SRR28707457;SRR28707459;SRR28707461;SRR28707772;SRR28707775;SRR28707777;SRR28707779;SRR28707949
35	SRR28707635;SRR28707637;SRR28707640;SRR28707642;SRR28707644;SRR28707646;SRR28707648;SRR28707651;SRR28707653;SRR28707757;SRR28707759;SRR28707761;SRR28707765;SRR28707767;SRR28707769;SRR28707771	SRR28707634;SRR28707636;SRR28707639;SRR28707641;SRR28707643;SRR28707645;SRR28707647;SRR28707650;SRR28707652;SRR28707756;SRR28707758;SRR28707760;SRR28707764;SRR28707766;SRR28707768;SRR28707770
36	SRR28707369;SRR28707371;SRR28707373;SRR28707375;SRR28707377;SRR28707380;SRR28707382;SRR28707384;SRR28707386;SRR28707388;SRR28707391;SRR28707631;SRR28707633;SRR28707750;SRR28707752;SRR28707754	SRR28707368;SRR28707370;SRR28707372;SRR28707374;SRR28707376;SRR28707379;SRR28707381;SRR28707383;SRR28707385;SRR28707387;SRR28707390;SRR28707630;SRR28707632;SRR28707749;SRR28707751;SRR28707753
37	SRR28707613;SRR28707615;SRR28707617;SRR28707619;SRR28707622;SRR28707624;SRR28707626;SRR28707628;SRR28707732;SRR28707735;SRR28707737;SRR28707739;SRR28707741;SRR28707743;SRR28707746;SRR28707748	SRR28707612;SRR28707614;SRR28707616;SRR28707618;SRR28707621;SRR28707623;SRR28707625;SRR28707627;SRR28707629;SRR28707734;SRR28707736;SRR28707738;SRR28707740;SRR28707742;SRR28707745;SRR28707747
38	SRR28707345;SRR28707347;SRR28707350;SRR28707352;SRR28707354;SRR28707356;SRR28707358;SRR28707362;SRR28707364;SRR28707366;SRR28707606;SRR28707608;SRR28707611;SRR28707943;SRR28707945;SRR28707947	SRR28707344;SRR28707346;SRR28707349;SRR28707351;SRR28707353;SRR28707355;SRR28707357;SRR28707361;SRR28707363;SRR28707365;SRR28707367;SRR28707607;SRR28707610;SRR28707942;SRR28707944;SRR28707946
39	SRR28707715;SRR28707718;SRR28707720;SRR28707722;SRR28707724;SRR28707726;SRR28707729;SRR28707731;SRR28707925;SRR28707927;SRR28707929;SRR28707932;SRR28707934;SRR28707936;SRR28707938;SRR28707940	SRR28707714;SRR28707717;SRR28707719;SRR28707721;SRR28707723;SRR28707725;SRR28707728;SRR28707730;SRR28707924;SRR28707926;SRR28707928;SRR28707931;SRR28707933;SRR28707935;SRR28707937;SRR28707939
40	SRR28707340;SRR28707342;SRR28707583;SRR28707585;SRR28707587;SRR28707589;SRR28707591;SRR28707594;SRR28707596;SRR28707598;SRR28707600;SRR28707602;SRR28707605;SRR28707709;SRR28707711;SRR28707713	SRR28707339;SRR28707341;SRR28707582;SRR28707584;SRR28707586;SRR28707588;SRR28707590;SRR28707593;SRR28707595;SRR28707597;SRR28707599;SRR28707601;SRR28707604;SRR28707708;SRR28707710;SRR28707712
41	SRR28707323;SRR28707325;SRR28707327;SRR28707329;SRR28707331;SRR28707334;SRR28707336;SRR28707338;SRR28707696;SRR28707699;SRR28707701;SRR28707703;SRR28707705;SRR28707707;SRR28708078;SRR28708080	SRR28707322;SRR28707324;SRR28707326;SRR28707328;SRR28707330;SRR28707333;SRR28707335;SRR28707337;SRR28707695;SRR28707698;SRR28707700;SRR28707702;SRR28707704;SRR28707706;SRR28708077;SRR28708079
42	SRR28707317;SRR28707319;SRR28707559;SRR28707561;SRR28707564;SRR28707566;SRR28707568;SRR28707570;SRR28707572;SRR28707575;SRR28707577;SRR28707579;SRR28707581;SRR28708071;SRR28708074;SRR28708076	SRR28707316;SRR28707318;SRR28707558;SRR28707560;SRR28707563;SRR28707565;SRR28707567;SRR28707569;SRR28707571;SRR28707574;SRR28707576;SRR28707578;SRR28707580;SRR28708070;SRR28708073;SRR28708075
43	SRR28707297;SRR28707299;SRR28707301;SRR28707304;SRR28707306;SRR28707308;SRR28707310;SRR28707312;SRR28707315;SRR28707910;SRR28707912;SRR28707914;SRR28707916;SRR28707918;SRR28707921;SRR28707923	SRR28707296;SRR28707298;SRR28707300;SRR28707303;SRR28707305;SRR28707307;SRR28707309;SRR28707311;SRR28707314;SRR28707909;SRR28707911;SRR28707913;SRR28707915;SRR28707917;SRR28707920;SRR28707922
44	SRR28707293;SRR28707901;SRR28707903;SRR28707905;SRR28707907;SRR28708046;SRR28708048;SRR28708050;SRR28708052;SRR28708054;SRR28708058;SRR28708060;SRR28708062;SRR28708064;SRR28708066;SRR28708069	SRR28707292;SRR28707295;SRR28707900;SRR28707902;SRR28707904;SRR28707906;SRR28708047;SRR28708049;SRR28708051;SRR28708053;SRR28708057;SRR28708059;SRR28708061;SRR28708063;SRR28708065;SRR28708068
45	SRR28707274;SRR28707276;SRR28707278;SRR28707280;SRR28707282;SRR28707285;SRR28707287;SRR28707289;SRR28707291;SRR28707886;SRR28707888;SRR28707891;SRR28707893;SRR28707895;SRR28707897;SRR28707899	SRR28707273;SRR28707275;SRR28707277;SRR28707279;SRR28707281;SRR28707284;SRR28707286;SRR28707288;SRR28707290;SRR28707885;SRR28707887;SRR28707890;SRR28707892;SRR28707894;SRR28707896;SRR28707898
46	SRR28707249;SRR28707251;SRR28707254;SRR28707256;SRR28707258;SRR28707260;SRR28707262;SRR28707265;SRR28707267;SRR28707269;SRR28707271;SRR28707557;SRR28707877;SRR28707880;SRR28707882;SRR28707884	SRR28707248;SRR28707250;SRR28707253;SRR28707255;SRR28707257;SRR28707259;SRR28707261;SRR28707264;SRR28707266;SRR28707268;SRR28707270;SRR28707556;SRR28707876;SRR28707879;SRR28707881;SRR28707883
47	SRR28707535;SRR28707537;SRR28707539;SRR28707542;SRR28707544;SRR28707546;SRR28707548;SRR28707550;SRR28707553;SRR28707555;SRR28708033;SRR28708035;SRR28708037;SRR28708039;SRR28708043;SRR28708045	SRR28707534;SRR28707536;SRR28707538;SRR28707541;SRR28707543;SRR28707545;SRR28707547;SRR28707549;SRR28707552;SRR28707554;SRR28708032;SRR28708034;SRR28708036;SRR28708038;SRR28708042;SRR28708044
48	SRR28707852;SRR28707854;SRR28707856;SRR28707858;SRR28707860;SRR28707863;SRR28707865;SRR28707867;SRR28707869;SRR28707871;SRR28707874;SRR28708022;SRR28708024;SRR28708026;SRR28708028;SRR28708031	SRR28707247;SRR28707853;SRR28707855;SRR28707857;SRR28707859;SRR28707862;SRR28707864;SRR28707866;SRR28707868;SRR28707870;SRR28707873;SRR28707875;SRR28708023;SRR28708025;SRR28708027;SRR28708030
49	SRR28707226;SRR28707228;SRR28707230;SRR28707232;SRR28707234;SRR28707237;SRR28707239;SRR28707241;SRR28707243;SRR28707245;SRR28707522;SRR28707525;SRR28707527;SRR28707529;SRR28707531;SRR28707533	SRR28707225;SRR28707227;SRR28707229;SRR28707231;SRR28707233;SRR28707236;SRR28707238;SRR28707240;SRR28707242;SRR28707244;SRR28707521;SRR28707524;SRR28707526;SRR28707528;SRR28707530;SRR28707532
50	SRR28707511;SRR28707514;SRR28707516;SRR28707518;SRR28707520;SRR28707998;SRR28708000;SRR28708004;SRR28708006;SRR28708008;SRR28708010;SRR28708012;SRR28708015;SRR28708017;SRR28708019;SRR28708021	SRR28707510;SRR28707513;SRR28707515;SRR28707517;SRR28707519;SRR28707851;SRR28707999;SRR28708003;SRR28708005;SRR28708007;SRR28708009;SRR28708011;SRR28708014;SRR28708016;SRR28708018;SRR28708020
51	SRR28707213;SRR28707215;SRR28707217;SRR28707220;SRR28707222;SRR28707828;SRR28707830;SRR28707832;SRR28707835;SRR28707837;SRR28707839;SRR28707841;SRR28707843;SRR28707846;SRR28707848;SRR28707850	SRR28707212;SRR28707214;SRR28707216;SRR28707219;SRR28707221;SRR28707223;SRR28707829;SRR28707831;SRR28707834;SRR28707836;SRR28707838;SRR28707840;SRR28707842;SRR28707845;SRR28707847;SRR28707849
52	SRR28707200;SRR28707202;SRR28707204;SRR28707206;SRR28707209;SRR28707211;SRR28707488;SRR28707490;SRR28707492;SRR28707494;SRR28707497;SRR28707499;SRR28707501;SRR28707503;SRR28707505;SRR28707508	SRR28707201;SRR28707203;SRR28707205;SRR28707208;SRR28707210;SRR28707487;SRR28707489;SRR28707491;SRR28707493;SRR28707496;SRR28707498;SRR28707500;SRR28707502;SRR28707504;SRR28707507;SRR28707509
53	SRR28707486;SRR28707819;SRR28707821;SRR28707823;SRR28707825;SRR28707827;SRR28707976;SRR28707978;SRR28707980;SRR28707982;SRR28707984;SRR28707987;SRR28707989;SRR28707991;SRR28707993;SRR28707995	SRR28707818;SRR28707820;SRR28707822;SRR28707824;SRR28707826;SRR28707975;SRR28707977;SRR28707979;SRR28707981;SRR28707983;SRR28707986;SRR28707988;SRR28707990;SRR28707992;SRR28707994;SRR28707997
54	SRR28707185;SRR28707187;SRR28707189;SRR28707192;SRR28707194;SRR28707196;SRR28707198;SRR28707688;SRR28707691;SRR28707693;SRR28707804;SRR28707807;SRR28707809;SRR28707811;SRR28707813;SRR28707815	SRR28707186;SRR28707188;SRR28707191;SRR28707193;SRR28707195;SRR28707197;SRR28707199;SRR28707687;SRR28707690;SRR28707692;SRR28707694;SRR28707806;SRR28707808;SRR28707810;SRR28707812;SRR28707814
55	SRR28707462;SRR28707464;SRR28707466;SRR28707469;SRR28707471;SRR28707473;SRR28707475;SRR28707477;SRR28707480;SRR28707482;SRR28707484;SRR28707686;SRR28707965;SRR28707967;SRR28707970;SRR28707972	SRR28707463;SRR28707465;SRR28707468;SRR28707470;SRR28707472;SRR28707474;SRR28707476;SRR28707479;SRR28707481;SRR28707483;SRR28707485;SRR28707964;SRR28707966;SRR28707969;SRR28707971;SRR28707973
56	SRR28707784;SRR28707786;SRR28707788;SRR28707791;SRR28707793;SRR28707795;SRR28707797;SRR28707799;SRR28707802;SRR28707950;SRR28707952;SRR28707954;SRR28707956;SRR28707959;SRR28707961;SRR28707963	SRR28707783;SRR28707785;SRR28707787;SRR28707790;SRR28707792;SRR28707794;SRR28707796;SRR28707798;SRR28707801;SRR28707803;SRR28707951;SRR28707953;SRR28707955;SRR28707958;SRR28707960;SRR28707962
