AAACCGCTCCCGAGCACGGG	SH3BGRL3__AAACCGCTCCCGAGCACGGG
AAATAGTGGGAAGATTCGTG	MTRNR2L8__AAATAGTGGGAAGATTCGTG
AACACACCACGGAGGAGTGG	FAM83A__AACACACCACGGAGGAGTGG
AACAGCCCGGCCGGCCAAGG	ZNF593__AACAGCCCGGCCGGCCAAGG
AACGAGAGACTGCTTGCTGG	ATPIF1__AACGAGAGACTGCTTGCTGG
AACGGCTCGGAAGCCTAGGG	TIPRL__AACGGCTCGGAAGCCTAGGG
AAGAAGAAACCGAGAGACGG	MYL4__AAGAAGAAACCGAGAGACGG
AAGACGGCTCGCAAGGTAGG	CNBP__AAGACGGCTCGCAAGGTAGG
AAGAGGAAGGTGAGCCTCTG	RPS3__AAGAGGAAGGTGAGCCTCTG
AAGATGTCGAAGCGAGGTGG	RPL23__AAGATGTCGAAGCGAGGTGG
AAGCCCGGCCAGCCGACCGG	ACTB__AAGCCCGGCCAGCCGACCGG
AAGCCGCGAGGAGCGCGGAG	HES6__AAGCCGCGAGGAGCGCGGAG
AAGCCGGGAGCCGAAGCTAG	FH__AAGCCGGGAGCCGAAGCTAG
AAGCGACGGCCTAGAGGAGG	TARS__AAGCGACGGCCTAGAGGAGG
AAGCGAGGTAGGCTCACTCG	TPMT__AAGCGAGGTAGGCTCACTCG
AAGCTGTTCGGTAGTAAGGG	MTRNR2L8__AAGCTGTTCGGTAGTAAGGG
AAGGAACCTCGGCGAGTGAG	SAT1__AAGGAACCTCGGCGAGTGAG
AAGGCCGACCGGCCTCTACG	RPL3__AAGGCCGACCGGCCTCTACG
AAGGGACGGTGGCGCGCAAG	RPL32__AAGGGACGGTGGCGCGCAAG
AAGGGCACGAGCATCGGGTG	NDUFS5__AAGGGCACGAGCATCGGGTG
AATCAGAGCGGCCAGTGAGG	TBCA__AATCAGAGCGGCCAGTGAGG
AATGTGCGCAGGCGCTTAGG	TMED4__AATGTGCGCAGGCGCTTAGG
ACAGCAACCACAGCGGCCAG	MRPS18C__ACAGCAACCACAGCGGCCAG
ACAGCGCGGGGGGTGACCGG	DNAJB6__ACAGCGCGGGGGGTGACCGG
ACAGGTCACGCCTGGGAAGG	PRAME__ACAGGTCACGCCTGGGAAGG
ACAGTAGCTACAGCCCCGGG	XPO1__ACAGTAGCTACAGCCCCGGG
ACCAATAGGGAGCTCCGGGG	POLR3GL__ACCAATAGGGAGCTCCGGGG
ACCACGGCCGGCGGATCCAG	GTF3A__ACCACGGCCGGCGGATCCAG
ACCACTCGGGGTCTGGTGTG	MPC1__ACCACTCGGGGTCTGGTGTG
ACCAGGCGCAGATCATGGCG	MRPS23__ACCAGGCGCAGATCATGGCG
ACCCAGACTCCAGATCGGGG	ARL4A__ACCCAGACTCCAGATCGGGG
ACCCCGCCCGACAACTCGGG	TMSB4X__ACCCCGCCCGACAACTCGGG
ACCCCGCGAGAGGGTGTGTG	UAP1__ACCCCGCGAGAGGGTGTGTG
ACCCGCTCCCTCCCGCCGTG	TTC3__ACCCGCTCCCTCCCGCCGTG
ACCCGGGCGACCTTAGAGAG	CHCHD10__ACCCGGGCGACCTTAGAGAG
ACCCTGGTTCCTCTCGGAGG	EIF4H__ACCCTGGTTCCTCTCGGAGG
ACCCTGTGCGGCCTAGAGTG	AZIN1__ACCCTGTGCGGCCTAGAGTG
ACCGCACGGCCGCAGGGTCG	SMC3__ACCGCACGGCCGCAGGGTCG
ACCGGAAGCGGCTTCCACAG	UFC1__ACCGGAAGCGGCTTCCACAG
ACCGGATCGGTGACTGTGGG	UQCRQ__ACCGGATCGGTGACTGTGGG
ACCGTGGTGAAGGGCATCCG	CHCHD3__ACCGTGGTGAAGGGCATCCG
ACCTCGAGCCACCCCCACAG	TXN2__ACCTCGAGCCACCCCCACAG
ACGAACGAGTCAACCGGATG	UQCRQ__ACGAACGAGTCAACCGGATG
ACGACATCTTGGCGAACCAG	NDUFB4__ACGACATCTTGGCGAACCAG
ACGAGTGCGCGTGCTCGGTG	NPM1__ACGAGTGCGCGTGCTCGGTG
ACGCCAGGCGGATCTCAGAG	U2SURP__ACGCCAGGCGGATCTCAGAG
ACGCGCGTCTGTGGAGAAGG	TOP2A__ACGCGCGTCTGTGGAGAAGG
ACGCTCGGGAGCCCTGGTAG	TIMM17B__ACGCTCGGGAGCCCTGGTAG
ACGCTGAGGGAGCTGACAGG	CMPK1__ACGCTGAGGGAGCTGACAGG
ACGCTGCCTGACTGCCGGGG	TOP1__ACGCTGCCTGACTGCCGGGG
ACGGCCGTGTGGCGCAGGGG	TOMM7__ACGGCCGTGTGGCGCAGGGG
ACGGCTCTGCCTAGTACCTG	FKBP1A__ACGGCTCTGCCTAGTACCTG
ACGGGCGGCGGATCGGCAAG	ACTB__ACGGGCGGCGGATCGGCAAG
ACGTGGCCCACGGCGTCCAG	COPRS__ACGTGGCCCACGGCGTCCAG
ACTAGTCCCTGCGGCTTAGG	ZNF273__ACTAGTCCCTGCGGCTTAGG
ACTAGTCGCCAGGCAACGAG	ZNF273__ACTAGTCGCCAGGCAACGAG
ACTCAAGCACGAGGCGAAGG	EEF1A1__ACTCAAGCACGAGGCGAAGG
ACTCCCCGGACTCCAGCAGG	ASAH1__ACTCCCCGGACTCCAGCAGG
ACTCGAGGCAGCTTGTCAGG	PPM1G__ACTCGAGGCAGCTTGTCAGG
ACTGAGGTGAGGCTCTCGGG	CCDC86__ACTGAGGTGAGGCTCTCGGG
ACTGCGCCGGAAAGTCCCCG	NXT1__ACTGCGCCGGAAAGTCCCCG
ACTGGAGTCGAAGGCCGTGG	C1D__ACTGGAGTCGAAGGCCGTGG
ACTGTCCATGTACTACTGGG	NUS1__ACTGTCCATGTACTACTGGG
ACTTCCTGACAGGTGAGTAG	FAM204A__ACTTCCTGACAGGTGAGTAG
ACTTGAGCAGCGAGTCCCGG	GATA2__ACTTGAGCAGCGAGTCCCGG
AGAACTGCGACCCAAATCCG	UBC__AGAACTGCGACCCAAATCCG
AGAATGGAACGAGCCACGAG	BEX4__AGAATGGAACGAGCCACGAG
AGACACCCACCGCAGATGGG	RPS27A__AGACACCCACCGCAGATGGG
AGACAGAGAAAGACGACGGG	BTF3L4__AGACAGAGAAAGACGACGGG
AGACGGCTGGGCGCCGAGTG	TMEM14A__AGACGGCTGGGCGCCGAGTG
AGACTTGCTTCCCCCTCACG	EIF2S1__AGACTTGCTTCCCCCTCACG
AGAGAAGCGGACCACAATGG	NCBP2__AGAGAAGCGGACCACAATGG
AGAGCCGGACGAAGACGGAG	UBXN4__AGAGCCGGACGAAGACGGAG
AGAGCGACCCGGCGAGGGAG	APLP2__AGAGCGACCCGGCGAGGGAG
AGAGCGGCAGCGCGGTCAGG	SNRNP40__AGAGCGGCAGCGCGGTCAGG
AGAGCGTCGGGATATCGGGG	TFRC__AGAGCGTCGGGATATCGGGG
AGAGCGTCTCGCCCGGGAGG	NDFIP1__AGAGCGTCTCGCCCGGGAGG
AGAGCTCTCGGCTGTGCAGG	DHX29__AGAGCTCTCGGCTGTGCAGG
AGAGGCGCAGGCCAAAGTGG	CNBP__AGAGGCGCAGGCCAAAGTGG
AGAGGTTCGGGAAGCTCCGG	ITM2B__AGAGGTTCGGGAAGCTCCGG
AGAGTGCGAGAGCTGGCAGG	ACTG1__AGAGTGCGAGAGCTGGCAGG
AGAGTGCGGGCGGAAGACGG	ZNHIT1__AGAGTGCGGGCGGAAGACGG
AGATCCCTGCAGCAGCCGAG	NDUFB7__AGATCCCTGCAGCAGCCGAG
AGATGACGTGCGGCTCGTGG	EXOSC7__AGATGACGTGCGGCTCGTGG
AGATGCTGCAGTCCCTGGCG	KCNK1__AGATGCTGCAGTCCCTGGCG
AGATGGTGAGTGGGTACCCG	POMP__AGATGGTGAGTGGGTACCCG
AGCAACGCGCGGACCAACGG	UBE2T__AGCAACGCGCGGACCAACGG
AGCAGAAAGTGCACTCACTG	SAMSN1__AGCAGAAAGTGCACTCACTG
AGCAGGGAGAGAAACGACGG	EBPL__AGCAGGGAGAGAAACGACGG
AGCAGGTGGCCAGCGGAGAG	PCBD1__AGCAGGTGGCCAGCGGAGAG
AGCCAGAGCGGCGCAGTGGG	RPA2__AGCCAGAGCGGCGCAGTGGG
AGCCATTGGAGGTCATGGGG	CCDC58__AGCCATTGGAGGTCATGGGG
AGCCGCGAGGGAGGCGCGAG	SEPT11__AGCCGCGAGGGAGGCGCGAG
AGCCGCTGTCGCCCCGGAGG	ITGB1BP1__AGCCGCTGTCGCCCCGGAGG
AGCCGGCCGCCGCCATGTGG	EIF2S2__AGCCGGCCGCCGCCATGTGG
AGCGAGGCTGCTCTGTAGGG	CCDC58__AGCGAGGCTGCTCTGTAGGG
AGCGCACGCTGAGGAGGATG	EIF2S1__AGCGCACGCTGAGGAGGATG
AGCGCCGCGGAGAAGAACAG	NDUFV2__AGCGCCGCGGAGAAGAACAG
AGCGCCGGGGAAGCGAAGTG	NDUFB2__AGCGCCGGGGAAGCGAAGTG
AGCGCGCCGAAGGCAGAGAG	CHMP1B__AGCGCGCCGAAGGCAGAGAG
AGCGGAGAAGAGCGAGCAGG	CCND2__AGCGGAGAAGAGCGAGCAGG
AGCGGCGAGGACCCGGGTCG	PSMG4__AGCGGCGAGGACCCGGGTCG
AGCGGCTCCCGGGGACTGGG	CSNK1A1__AGCGGCTCCCGGGGACTGGG
AGCTCCAGGAAGGACCCCCG	BRI3__AGCTCCAGGAAGGACCCCCG
AGCTGCGCAGCGGGAGCGTG	SLC25A37__AGCTGCGCAGCGGGAGCGTG
AGCTGTGAGGGCAACGGAGG	CITED2__AGCTGTGAGGGCAACGGAGG
AGGAAGTTGATCAATCCCGG	FAM96A__AGGAAGTTGATCAATCCCGG
AGGACCAGCATAAAAGGCAG	HBD__AGGACCAGCATAAAAGGCAG
AGGAGGCAGCTGTGCGATCG	LARP1__AGGAGGCAGCTGTGCGATCG
AGGAGGCCAAGAGCGCGGGG	BRIX1__AGGAGGCCAAGAGCGCGGGG
AGGCCCCGGCTGTCTACAAG	TMEM14C__AGGCCCCGGCTGTCTACAAG
AGGCCGACGGGGCGCCGTAG	ATP6V1F__AGGCCGACGGGGCGCCGTAG
AGGCGACGCAACTCCGGCCG	ASAH1__AGGCGACGCAACTCCGGCCG
AGGCGGGGTAAAAAAGAGAG	HNRNPA1__AGGCGGGGTAAAAAAGAGAG
AGGCGTCTGTTCTCGGCAGG	EIF4A3__AGGCGTCTGTTCTCGGCAGG
AGGGCAGCGAGAGGTTCGCG	EIF4EBP1__AGGGCAGCGAGAGGTTCGCG
AGGGCTGTGTCAGAAGGCTG	RNF181__AGGGCTGTGTCAGAAGGCTG
AGGGGAACAGGCTCACCGAG	POLR2K__AGGGGAACAGGCTCACCGAG
AGGGTGGAACACTGGGATAG	COMT__AGGGTGGAACACTGGGATAG
AGGTAGCGCCGGACCAGGTG	NDUFB7__AGGTAGCGCCGGACCAGGTG
AGGTCCAGTAGAGCTGCAGG	CHPT1__AGGTCCAGTAGAGCTGCAGG
AGGTGAGCCTCTGGGGACTG	RPS3__AGGTGAGCCTCTGGGGACTG
AGGTGTCTGGGCGATCTATG	RWDD1__AGGTGTCTGGGCGATCTATG
AGGTTGGAATGCGCCCCAGG	TUBB__AGGTTGGAATGCGCCCCAGG
AGTAAGCCGAGACTCGTGGG	RPL29__AGTAAGCCGAGACTCGTGGG
AGTAGCCAGAGCGGCGCAGG	RPA2__AGTAGCCAGAGCGGCGCAGG
AGTATGTCACTGCAGTCGGG	SAT1__AGTATGTCACTGCAGTCGGG
AGTCGGAGCTCTATGGAGGG	EIF4G2__AGTCGGAGCTCTATGGAGGG
AGTGGGGACCACCAGGAGCG	TPST2__AGTGGGGACCACCAGGAGCG
AGTGGTGGGACTCGCGTCGG	YWHAQ__AGTGGTGGGACTCGCGTCGG
AGTTGTGTTGTGCCAATGGG	ZNHIT1__AGTTGTGTTGTGCCAATGGG
ATCGCGTAATGGCGGACACG	WASF2__ATCGCGTAATGGCGGACACG
ATGGCGGACGACGTAGACCG	LSM3__ATGGCGGACGACGTAGACCG
ATGTAGAAGGAGACACCGGG	ELOVL5__ATGTAGAAGGAGACACCGGG
ATTCAACGTACCATGGTGGG	PSMA1__ATTCAACGTACCATGGTGGG
CAAAGGGCCCCCGAGTCCAG	MRPL52__CAAAGGGCCCCCGAGTCCAG
CAACACTCACCATAAGCCGG	RPL29__CAACACTCACCATAAGCCGG
CAACCGGCGGAGACCGCTAG	CCT5__CAACCGGCGGAGACCGCTAG
CACAAGAGAAGGCACCATAG	RPS27A__CACAAGAGAAGGCACCATAG
CACAAGCCAAAGACGGAGTG	CTCFL__CACAAGCCAAAGACGGAGTG
CACACCCGGCTCGAGATGGG	EIF3J__CACACCCGGCTCGAGATGGG
CACAGGAGACCATGTCCGGG	EIF4EBP1__CACAGGAGACCATGTCCGGG
CACCATGTACCGAGCACTTG	FH__CACCATGTACCGAGCACTTG
CACCCACACGCGCGTGGAAG	CHCHD3__CACCCACACGCGCGTGGAAG
CACCCGCCCCGCTGTCTCTG	TMSB4X__CACCCGCCCCGCTGTCTCTG
CACCGAACCGGTGACACAGG	VAPA__CACCGAACCGGTGACACAGG
CACCGGCAGAGAAACGCGAG	ACTG1__CACCGGCAGAGAAACGCGAG
CACCTACCGTGGCGAGACGG	TPST2__CACCTACCGTGGCGAGACGG
CACGCAGAGGCCGTCACGTG	VAPA__CACGCAGAGGCCGTCACGTG
CACGCCTTACCAGGGACTGG	MAD2L1BP__CACGCCTTACCAGGGACTGG
CACGGAAGTAGCTCCGAACG	DAZAP2__CACGGAAGTAGCTCCGAACG
CACGGCCACCGAAGAGGTAG	CHPT1__CACGGCCACCGAAGAGGTAG
CACTGCAGCACCGGATCAAG	MAX__CACTGCAGCACCGGATCAAG
CACTGCTGGGCGGACACCTG	FECH__CACTGCTGGGCGGACACCTG
CAGAAGTTGGGGTCTCCGTG	TIMM10__CAGAAGTTGGGGTCTCCGTG
CAGAGACCGGAACCGAAGTG	PRPS1__CAGAGACCGGAACCGAAGTG
CAGAGGCGGCAGCACCACCG	FKBP2__CAGAGGCGGCAGCACCACCG
CAGAGTTCCGCCTCACCTCG	CAP1__CAGAGTTCCGCCTCACCTCG
CAGCCACATCACCCTTCCGG	TMEM167A__CAGCCACATCACCCTTCCGG
CAGCCCCTCGGGTGAGTGTG	NUTF2__CAGCCCCTCGGGTGAGTGTG
CAGCCGGCCAGAGACGGAAG	EIF3A__CAGCCGGCCAGAGACGGAAG
CAGCCGTCCGCGCTCCTCGG	HES6__CAGCCGTCCGCGCTCCTCGG
CAGCGAGGTGCAAACGCGAG	TUBB__CAGCGAGGTGCAAACGCGAG
CAGCGCAGGGCACGACGCGG	HMGB3__CAGCGCAGGGCACGACGCGG
CAGCGCGCGCAGAAGTCCGG	CENPK__CAGCGCGCGCAGAAGTCCGG
CAGCGCTTTAAGATTTCCGG	PNO1__CAGCGCTTTAAGATTTCCGG
CAGCGGCGGCGGCAGAACTG	ARF6__CAGCGGCGGCGGCAGAACTG
CAGCTCTACGGCCTTGGCAG	MRPS16__CAGCTCTACGGCCTTGGCAG
CAGCTGAGGGTGAGTAACAG	PAICS__CAGCTGAGGGTGAGTAACAG
CAGCTGCGTGCGTCTCCTCG	LDHB__CAGCTGCGTGCGTCTCCTCG
CAGGACTATAGCCATGAGAG	RHAG__CAGGACTATAGCCATGAGAG
CAGGAGCCCGTCCCCACAGG	PNO1__CAGGAGCCCGTCCCCACAGG
CAGGCCCGCGCCGCCACCAG	PSMA1__CAGGCCCGCGCCGCCACCAG
CAGGCCTGAGGACCGTTGGG	ST13__CAGGCCTGAGGACCGTTGGG
CAGGCGCCCAGAAACCCGTG	MAPK1IP1L__CAGGCGCCCAGAAACCCGTG
CAGGCTTTGCGGACGACGGG	KRT18__CAGGCTTTGCGGACGACGGG
CAGGGAGCGGCCACTGCAGG	MAX__CAGGGAGCGGCCACTGCAGG
CAGGGGTGTGGAAACTTACG	CCDC86__CAGGGGTGTGGAAACTTACG
CAGGTCCCGCGGACACCACG	LSM5__CAGGTCCCGCGGACACCACG
CAGTGAGTGGGTATAGATAG	MRPL52__CAGTGAGTGGGTATAGATAG
CAGTTGGGTCCTCACCCAGG	TMEM59__CAGTTGGGTCCTCACCCAGG
CATCGTCGTGGGGCTTCTGG	COMT__CATCGTCGTGGGGCTTCTGG
CATGCGAGCGTGGTGGGTAG	DLK1__CATGCGAGCGTGGTGGGTAG
CCAACATGGCGGCCATCGTG	RPL18A__CCAACATGGCGGCCATCGTG
CCAAGCGCAGCTGGACGAGG	PRKCB__CCAAGCGCAGCTGGACGAGG
CCAAGGCGTCCTCAGACCAG	ALDH1A2__CCAAGGCGTCCTCAGACCAG
CCACCGCGGCGAGAGGCATG	NET1__CCACCGCGGCGAGAGGCATG
CCACCTGGTCGGCCCAACTG	EIF3G__CCACCTGGTCGGCCCAACTG
CCAGAAACGAGAACAACGGG	NDUFC1__CCAGAAACGAGAACAACGGG
CCAGACTAGCGAACAATACG	HMGB3__CCAGACTAGCGAACAATACG
CCAGCAGCAGGGCTCCGACG	PLEKHJ1__CCAGCAGCAGGGCTCCGACG
CCAGGGACCAGGAACTCCAG	NEK2__CCAGGGACCAGGAACTCCAG
CCAGGGAGGCGAGCCCACGG	NHP2__CCAGGGAGGCGAGCCCACGG
CCATCGTACGGGATCGTGGG	BLVRB__CCATCGTACGGGATCGTGGG
CCATCTGTCACCTCCACTCG	RIOK3__CCATCTGTCACCTCCACTCG
CCATGACACCTAGAACCGGG	COPS5__CCATGACACCTAGAACCGGG
CCCAGAGCTCGGCCACCCTG	NET1__CCCAGAGCTCGGCCACCCTG
CCCAGAGGTTGGCCCCCTGG	CUTA__CCCAGAGGTTGGCCCCCTGG
CCCAGCAGCCGAGAAACCGG	COX6A1__CCCAGCAGCCGAGAAACCGG
CCCAGGGAGAAGGTGTCGGG	MAPK1IP1L__CCCAGGGAGAAGGTGTCGGG
CCCCACCTTGAGGAAGACGG	HNRNPF__CCCCACCTTGAGGAAGACGG
CCCCACTTACAGAAGACCGG	MRPL33__CCCCACTTACAGAAGACCGG
CCCCCCGAATGACCAAATAG	TMEM123__CCCCCCGAATGACCAAATAG
CCCCGAGCTGTGAAGACGGG	ODC1__CCCCGAGCTGTGAAGACGGG
CCCCGCCCCCAGTAGTACAG	NUS1__CCCCGCCCCCAGTAGTACAG
CCCCGCCGATGGCAAAGTCG	TMEM98__CCCCGCCGATGGCAAAGTCG
CCCCTGGGGACGTCATTGGG	TPMT__CCCCTGGGGACGTCATTGGG
CCCGAGCAGACGGAGTACAG	CERS2__CCCGAGCAGACGGAGTACAG
CCCGCACCCTAAATCCCAGG	CUTA__CCCGCACCCTAAATCCCAGG
CCCGCAGCTATGTCTTCACG	ZRANB2__CCCGCAGCTATGTCTTCACG
CCCGCGAGAGGTAAAATAAG	PRPS1__CCCGCGAGAGGTAAAATAAG
CCCGCGCGCCGCACGGACGG	HDGF__CCCGCGCGCCGCACGGACGG
CCCGGCGCGGCAGCTGTCTG	RWDD1__CCCGGCGCGGCAGCTGTCTG
CCCGGGCCCTGCTTACCTCG	TIMP1__CCCGGGCCCTGCTTACCTCG
CCCGGGCCGAAGGTGCGAGG	LMO2__CCCGGGCCGAAGGTGCGAGG
CCCGTGGGAGTTGTAGTGTG	CHRAC1__CCCGTGGGAGTTGTAGTGTG
CCCTCACCGAGGACAGAAGG	DNAJB6__CCCTCACCGAGGACAGAAGG
CCCTCGGCTCCGGAGGTAGG	BROX__CCCTCGGCTCCGGAGGTAGG
CCCTCTCACGGGAGAACTGG	DDX3X__CCCTCTCACGGGAGAACTGG
CCCTTCTGGGTCCAGATATG	CD46__CCCTTCTGGGTCCAGATATG
CCCTTGCCTGGGAATGAGGG	ARID1A__CCCTTGCCTGGGAATGAGGG
CCGACTGCAAACGAGACACG	WSB1__CCGACTGCAAACGAGACACG
CCGCAGAGCCGGACGAAGAG	UBXN4__CCGCAGAGCCGGACGAAGAG
CCGCCAGGCACTCACGTAGG	PSMG4__CCGCCAGGCACTCACGTAGG
CCGCCGGCTCTCCGAACGGG	INSIG1__CCGCCGGCTCTCCGAACGGG
CCGCCTCCGGAACTAAACGG	TMEM99__CCGCCTCCGGAACTAAACGG
CCGCGCGAGGGGCAACCACG	LYPLA1__CCGCGCGAGGGGCAACCACG
CCGCGGCCTCAGATGAATGG	PTTG1__CCGCGGCCTCAGATGAATGG
CCGCGGGAAGGAGGACGGCG	RER1__CCGCGGGAAGGAGGACGGCG
CCGCGGGGAACGGGAACCCG	PLEKHJ1__CCGCGGGGAACGGGAACCCG
CCGCTACGGCTCCCAGAAGG	MFF__CCGCTACGGCTCCCAGAAGG
CCGGCCCGACCCCGGCCATG	LAMTOR1__CCGGCCCGACCCCGGCCATG
CCGGCCTCGCGCCTTTCACG	PPM1G__CCGGCCTCGCGCCTTTCACG
CCGGCGCCGCCGCACAATAG	RNF2__CCGGCGCCGCCGCACAATAG
CCGGCGGACGTGGGCAGGAG	ITGB1BP1__CCGGCGGACGTGGGCAGGAG
CCGGCGGGGAGCTAGAGCCG	SLC25A33__CCGGCGGGGAGCTAGAGCCG
CCGGCTCCGATCCACGTCCG	NUDC__CCGGCTCCGATCCACGTCCG
CCGGGCGGCGGACACGTGGG	GAL__CCGGGCGGCGGACACGTGGG
CCGGGGCGGGTGGAGTCCAG	SCCPDH__CCGGGGCGGGTGGAGTCCAG
CCGGGGTGCGGGTACTGCAG	HHEX__CCGGGGTGCGGGTACTGCAG
CCTACGCCACTCACCGCAGG	LYPLA1__CCTACGCCACTCACCGCAGG
CCTCACTCACCAGCGGCGAG	TSPO__CCTCACTCACCAGCGGCGAG
CCTCACTCGGGCCTCATGGG	PAIP1__CCTCACTCGGGCCTCATGGG
CCTCCACGTCAGCCGACGGG	TTC3__CCTCCACGTCAGCCGACGGG
CCTCCTGCCTGTAGTGTGTG	TMPO__CCTCCTGCCTGTAGTGTGTG
CCTCTGGCAGGTACTGGATG	MRPS10__CCTCTGGCAGGTACTGGATG
CCTGCACCCAGGTAAGCAGG	MRPL16__CCTGCACCCAGGTAAGCAGG
CCTGCGGGCGGTTATAAAGG	UBE2S__CCTGCGGGCGGTTATAAAGG
CCTGCTGCAGGTGGACCGAG	UBE2D2__CCTGCTGCAGGTGGACCGAG
CCTGTGTTAGGAACCAAGTG	PRR13__CCTGTGTTAGGAACCAAGTG
CCTTCTCTGAAACATTGGAG	SAMSN1__CCTTCTCTGAAACATTGGAG
CGACAGCGGGCTCTCGAGAG	LRIF1__CGACAGCGGGCTCTCGAGAG
CGACAGGCGTGCCCTTGACG	TXN2__CGACAGGCGTGCCCTTGACG
CGACTTACGCGCAGAGTAAG	MRFAP1__CGACTTACGCGCAGAGTAAG
CGAGAAGGGGCAGTTTCCGG	MRPS36__CGAGAAGGGGCAGTTTCCGG
CGAGAGGAGTCGGTGGCAGG	PIM1__CGAGAGGAGTCGGTGGCAGG
CGAGCCGCGGTCTCCCTCAG	RER1__CGAGCCGCGGTCTCCCTCAG
CGAGGCTGCTGAGAGACGGG	FAM96A__CGAGGCTGCTGAGAGACGGG
CGAGGGCACGCTCCGGGAAG	TSPO__CGAGGGCACGCTCCGGGAAG
CGAGTCAGGGCAAAGACGTG	ISCU__CGAGTCAGGGCAAAGACGTG
CGAGTCGCGCCGAGGATGGG	EEF2__CGAGTCGCGCCGAGGATGGG
CGCAAGCCGGAGCCCACGAG	GLRX5__CGCAAGCCGGAGCCCACGAG
CGCAGAAGCCCTTACCCGCG	BCAP29__CGCAGAAGCCCTTACCCGCG
CGCAGCACGGAGGCCGTCAG	MRPL40__CGCAGCACGGAGGCCGTCAG
CGCAGCGAGTGGCGAGTAGG	BUB3__CGCAGCGAGTGGCGAGTAGG
CGCAGGCCGCTCATGCTGGG	SH3BGRL3__CGCAGGCCGCTCATGCTGGG
CGCCACACGGCCGTCGCCAG	TOMM7__CGCCACACGGCCGTCGCCAG
CGCCATGTTGGGTCTGAAGG	LSM14A__CGCCATGTTGGGTCTGAAGG
CGCCCCAACGGTCCCTCAAG	CALM3__CGCCCCAACGGTCCCTCAAG
CGCCCGCCGGCTCTCCGAAG	INSIG1__CGCCCGCCGGCTCTCCGAAG
CGCCGAAAGCGAAGAAGGAG	RPL23A__CGCCGAAAGCGAAGAAGGAG
CGCGAAGGCTAAGGGAGTGG	GPN3__CGCGAAGGCTAAGGGAGTGG
CGCGCCATGGTGAGTCCAGG	PCBD1__CGCGCCATGGTGAGTCCAGG
CGCGCGATGGGCTCTGAGGG	HDDC3__CGCGCGATGGGCTCTGAGGG
CGCGGCCCGCAGCAGCCAGG	GYPC__CGCGGCCCGCAGCAGCCAGG
CGCGGCCGCGGAGACGTGAG	YWHAQ__CGCGGCCGCGGAGACGTGAG
CGCGGCCGGAGCAAGACTCG	RNF2__CGCGGCCGGAGCAAGACTCG
CGCGGCTGGGACCGGAGTGG	MPZL1__CGCGGCTGGGACCGGAGTGG
CGCGGGCGGCGAGGCAAGAG	BRIX1__CGCGGGCGGCGAGGCAAGAG
CGCGTAAGTCGCTTGTCCGG	MRFAP1__CGCGTAAGTCGCTTGTCCGG
CGCGTTGCTGCGTTGTGAGG	UBE2T__CGCGTTGCTGCGTTGTGAGG
CGCTAGTGGAAGAAGATGGG	USP15__CGCTAGTGGAAGAAGATGGG
CGCTCAGGCTGACTCTCGGG	BTF3__CGCTCAGGCTGACTCTCGGG
CGCTCCCGCCAAGCACCGGG	PCNA__CGCTCCCGCCAAGCACCGGG
CGCTGCTGTCCGGATGGGTG	RABGGTB__CGCTGCTGTCCGGATGGGTG
CGGAACTCGGAGCTCGGAGG	PNN__CGGAACTCGGAGCTCGGAGG
CGGAAGTCCCGCCCAGCCTG	SRP14__CGGAAGTCCCGCCCAGCCTG
CGGAAGTCGCCGCACCCAGG	SMIM12__CGGAAGTCGCCGCACCCAGG
CGGAGATGCCAACTACACAG	PMAIP1__CGGAGATGCCAACTACACAG
CGGAGGCGGGACCCAAAGTG	MRPL4__CGGAGGCGGGACCCAAAGTG
CGGCCGAGACCAGAAAGACG	RPL37__CGGCCGAGACCAGAAAGACG
CGGCCGGGATGGCAACAGAG	EIF3D__CGGCCGGGATGGCAACAGAG
CGGCCGGGTGAGCTCCTCAG	C16orf91__CGGCCGGGTGAGCTCCTCAG
CGGCGAAGCCCACACACTAG	MND1__CGGCGAAGCCCACACACTAG
CGGCGATCACTGGAGTCCCG	MRPS36__CGGCGATCACTGGAGTCCCG
CGGCGCCCGTCCTCTCCGGG	TMEM165__CGGCGCCCGTCCTCTCCGGG
CGGCGGCGCGGTGTACCCTG	SRRM1__CGGCGGCGCGGTGTACCCTG
CGGCGGCGGCAGAACTGGGG	ARF6__CGGCGGCGGCAGAACTGGGG
CGGCTCCCGCCACTTTACTG	HAUS1__CGGCTCCCGCCACTTTACTG
CGGCTCCGGCGGAAGGTGGG	MRPS5__CGGCTCCGGCGGAAGGTGGG
CGGCTGAGAAGCGCGCCGAG	CHMP1B__CGGCTGAGAAGCGCGCCGAG
CGGCTGCAACCGGGTCTGGG	NPM1__CGGCTGCAACCGGGTCTGGG
CGGCTGGAGAGGGCGAGAAG	TMEM167A__CGGCTGGAGAGGGCGAGAAG
CGGCTTCCGACGTGCAGCCG	WDR61__CGGCTTCCGACGTGCAGCCG
CGGGCAGGGTAAGAGGAACG	PICALM__CGGGCAGGGTAAGAGGAACG
CGGGCGACCTTAGAGACGGG	CHCHD10__CGGGCGACCTTAGAGACGGG
CGGGCGAGACGCTCTTCTCG	NDFIP1__CGGGCGAGACGCTCTTCTCG
CGGGCGCCGCCATGTTCACG	MRPL9__CGGGCGCCGCCATGTTCACG
CGGGCGGCGTGCCGAGGACG	PYCR2__CGGGCGGCGTGCCGAGGACG
CGGGCGGCTGAAGAGGTTCG	ITM2B__CGGGCGGCTGAAGAGGTTCG
CGGGGAGGCCAGGACTAGGG	SMS__CGGGGAGGCCAGGACTAGGG
CGGGTCGTGCGCGCTGAGGG	ELAVL1__CGGGTCGTGCGCGCTGAGGG
CGGGTGGGGAGCGACCCTCG	IRF2BP2__CGGGTGGGGAGCGACCCTCG
CGGGTTGTATTTGGAAACGG	POLR2K__CGGGTTGTATTTGGAAACGG
CGGTACCAGGCGCAGATCAG	MRPS23__CGGTACCAGGCGCAGATCAG
CGGTCACCGCATCACCCGGG	UBE2D2__CGGTCACCGCATCACCCGGG
CGGTCCTGCCGAGCTGTGAG	CITED2__CGGTCCTGCCGAGCTGTGAG
CGGTCGGTCCTGCCTGTAAG	CD47__CGGTCGGTCCTGCCTGTAAG
CGGTGCCTTGGGAGAAATAG	PSMG2__CGGTGCCTTGGGAGAAATAG
CGTATCTGCACCGGCCCGAG	APEX1__CGTATCTGCACCGGCCCGAG
CGTCCTGGGAAGGGAGATCG	MYC__CGTCCTGGGAAGGGAGATCG
CGTCGGAAGCCTGAAGCATG	EBPL__CGTCGGAAGCCTGAAGCATG
CGTGCGGAGCGGGCGACAGG	LSM14A__CGTGCGGAGCGGGCGACAGG
CGTGGAGCGGAGCAAGGGTG	SNX5__CGTGGAGCGGAGCAAGGGTG
CGTGGGCGAGAGCACGAACG	SLC25A4__CGTGGGCGAGAGCACGAACG
CGTGTGTGCGCCTAATCTCG	BTF3__CGTGTGTGCGCCTAATCTCG
CTACATCCCGCGGCGCTGGG	ADIPOR1__CTACATCCCGCGGCGCTGGG
CTCACTCAAAGTCTCCAGTG	EIF3G__CTCACTCAAAGTCTCCAGTG
CTCACTCACTCCGCCTCTAG	ID2__CTCACTCACTCCGCCTCTAG
CTCAGAGCGTCGGGATATCG	TFRC__CTCAGAGCGTCGGGATATCG
CTCAGTACAGGGTGGGGAAG	SRP14__CTCAGTACAGGGTGGGGAAG
CTCCACGCTTAGAATCCAGG	COA3__CTCCACGCTTAGAATCCAGG
CTCCAGGTGCTCCTCTAGGG	MED10__CTCCAGGTGCTCCTCTAGGG
CTCCCGGCGACAAGCTCCAG	SLC25A39__CTCCCGGCGACAAGCTCCAG
CTCCGCGCCCGTCCGACTGG	RAN__CTCCGCGCCCGTCCGACTGG
CTCCGCGGGGCCTGACGGGG	LYRM2__CTCCGCGGGGCCTGACGGGG
CTCCGCTCGGCCTCGGTAGG	ELAVL1__CTCCGCTCGGCCTCGGTAGG
CTCGCAGCCGTCATGGCAGG	C1orf52__CTCGCAGCCGTCATGGCAGG
CTCGCGTCTGCGTGGAGACG	NXT1__CTCGCGTCTGCGTGGAGACG
CTCGGAGCAGGCGGAGTAAG	RTN3__CTCGGAGCAGGCGGAGTAAG
CTCGGCCGCAGAAGCGAGAG	RPL37__CTCGGCCGCAGAAGCGAGAG
CTCGTCGCAGACAACGCGGG	ARL5A__CTCGTCGCAGACAACGCGGG
CTCTAACGTTGGAAAACGGG	TMEM99__CTCTAACGTTGGAAAACGGG
CTCTCAAGGAAAGTAGTCGG	CYB5B__CTCTCAAGGAAAGTAGTCGG
CTCTCTAGGCGGAGTGGGGG	FAM133B__CTCTCTAGGCGGAGTGGGGG
CTCTGAGGCCACAAGGTCGG	RPL21__CTCTGAGGCCACAAGGTCGG
CTGCAGAGACAGCCATGCTG	MRPS35__CTGCAGAGACAGCCATGCTG
CTGCAGCACGCGGTGCACGG	CTCFL__CTGCAGCACGCGGTGCACGG
CTGCCCGGGAAGAGCGCTGG	TMPO__CTGCCCGGGAAGAGCGCTGG
CTGCCCGGGGCCGTGACAAG	MRPL9__CTGCCCGGGGCCGTGACAAG
CTGCCCGTAGTAGCCATGGG	NDUFB5__CTGCCCGTAGTAGCCATGGG
CTGCCCTGGCAGACTCCCAG	LARP1__CTGCCCTGGCAGACTCCCAG
CTGCGCCCCGCCGAGCTGGG	SLC25A37__CTGCGCCCCGCCGAGCTGGG
CTGCGCCCGCGCCATGGTAG	MND1__CTGCGCCCGCGCCATGGTAG
CTGCGGAGGCAGAGGACGGG	RAN__CTGCGGAGGCAGAGGACGGG
CTGCTGCTAACGCGGTCCCG	EIF3D__CTGCTGCTAACGCGGTCCCG
CTGCTTCAGGTGAGACCCCG	BTF3L4__CTGCTTCAGGTGAGACCCCG
CTGGACCGAGCTGCAGAGTG	ACYP1__CTGGACCGAGCTGCAGAGTG
CTGGAGGCCATCAACTACAG	LGALS1__CTGGAGGCCATCAACTACAG
CTGGCGGGCGGGCAGAGCAG	KCNH2__CTGGCGGGCGGGCAGAGCAG
CTGGGCTTCCTCAAGTCGGG	POLR3GL__CTGGGCTTCCTCAAGTCGGG
CTGTACTGGCAGGAGGCCGG	ARV1__CTGTACTGGCAGGAGGCCGG
CTTACAGGGTAGGAGCTGGG	GATA2__CTTACAGGGTAGGAGCTGGG
CTTACCCGACAGGCCGCCGG	SERPINB1__CTTACCCGACAGGCCGCCGG
CTTAGTTGCCGGAGCTGAAG	PITHD1__CTTAGTTGCCGGAGCTGAAG
CTTCGGCAAGCGACTGAGAG	CCNDBP1__CTTCGGCAAGCGACTGAGAG
CTTGCTGTGAGTGTCTCTAG	RPL38__CTTGCTGTGAGTGTCTCTAG
CTTGGAGCGCAGAGCGGTTG	H3F3B__CTTGGAGCGCAGAGCGGTTG
CTTGGGCGGGCCCACTTAGG	SUMO3__CTTGGGCGGGCCCACTTAGG
GAAAGGGCGCGATGACCAGG	SEC11A__GAAAGGGCGCGATGACCAGG
GAAAGGGGACGCAGCAAGGG	NDUFC1__GAAAGGGGACGCAGCAAGGG
GAACATGGTGACCACACCTG	MRPL33__GAACATGGTGACCACACCTG
GAACCGGAGGGAGCCACTAG	RPL6__GAACCGGAGGGAGCCACTAG
GAACCGTCGTGGGGAAGGAG	CRIPT__GAACCGTCGTGGGGAAGGAG
GAACCTGCAAGCCGACACCG	MRPS16__GAACCTGCAAGCCGACACCG
GAAGCGGCGAGCCGGAAGTG	PPP1R11__GAAGCGGCGAGCCGGAAGTG
GAAGGGAGGAGTGGCAACAG	COA3__GAAGGGAGGAGTGGCAACAG
GAAGTCGCGGTGCAGCGGTG	DCTPP1__GAAGTCGCGGTGCAGCGGTG
GAAGTGATGCCTAAAGCTGG	NHP2__GAAGTGATGCCTAAAGCTGG
GACAGCGGGCGCTGCAACTG	TMEM242__GACAGCGGGCGCTGCAACTG
GACATGGAGCTCCAACCAGG	RPL23A__GACATGGAGCTCCAACCAGG
GACCCCGCCGAGCAGGAAGG	TYMS__GACCCCGCCGAGCAGGAAGG
GACCTCGTCCCGAAGCCTGG	LRIF1__GACCTCGTCCCGAAGCCTGG
GACCTCTGTAACAGTCGTGG	LDHB__GACCTCTGTAACAGTCGTGG
GACGCCGGTGACAATGAAAG	RPL3__GACGCCGGTGACAATGAAAG
GACGCTGCAGAGTGAGTATG	RPL31__GACGCTGCAGAGTGAGTATG
GACGGACCATCATGTGACAG	DAZAP2__GACGGACCATCATGTGACAG
GACGTGTGGTTGACGAGCTG	UCHL5__GACGTGTGGTTGACGAGCTG
GACTCCAGCATGGCGACCGG	MRPS5__GACTCCAGCATGGCGACCGG
GAGACTCGTTCACCACCGAG	TMED10__GAGACTCGTTCACCACCGAG
GAGAGAGCCGGCGGCCAGTG	SMIM12__GAGAGAGCCGGCGGCCAGTG
GAGAGCACAGAGCAACCCGG	DECR1__GAGAGCACAGAGCAACCCGG
GAGAGCTCTTCACATTCCCG	DHX29__GAGAGCTCTTCACATTCCCG
GAGAGTCCCGAGGGAGCAAG	GADD45A__GAGAGTCCCGAGGGAGCAAG
GAGATACTTCGCAGCACGGG	MRPL40__GAGATACTTCGCAGCACGGG
GAGCAGAGCGCAGCCGCGAG	SEPT11__GAGCAGAGCGCAGCCGCGAG
GAGCAGGCCCGGAGATCTAG	PPID__GAGCAGGCCCGGAGATCTAG
GAGCATGACGAGTTCTTCCG	COA1__GAGCATGACGAGTTCTTCCG
GAGCCAACGCGGACTGGGAG	CCDC71L__GAGCCAACGCGGACTGGGAG
GAGCGCAGTCGGAGCGCGGG	QKI__GAGCGCAGTCGGAGCGCGGG
GAGCGCGGCCTCCTAGCGTG	PDIA4__GAGCGCGGCCTCCTAGCGTG
GAGCGGCCAGTGAGCGGAGG	TBCA__GAGCGGCCAGTGAGCGGAGG
GAGCGTAGGGCCACGCCTGG	MED10__GAGCGTAGGGCCACGCCTGG
GAGCGTGTGAGCAGTACTGG	GLUL__GAGCGTGTGAGCAGTACTGG
GAGCTCAGTGAGCTGATCGG	NR2F2__GAGCTCAGTGAGCTGATCGG
GAGGAGCCAAGAGGCGGGTG	TARS__GAGGAGCCAAGAGGCGGGTG
GAGGAGCTAGGCTGCCATCG	APEX1__GAGGAGCTAGGCTGCCATCG
GAGGAGGCCCGAGAGGAGTG	PIM1__GAGGAGGCCCGAGAGGAGTG
GAGGAGGTAACCGCCGGGTG	DYNLT1__GAGGAGGTAACCGCCGGGTG
GAGGCAGGGAGCCGAGCCAG	VDAC1__GAGGCAGGGAGCCGAGCCAG
GAGGGCCGCGCAGTCGGACG	TAF12__GAGGGCCGCGCAGTCGGACG
GAGGGCGCGGTCCACGGCAG	DYNC1I2__GAGGGCGCGGTCCACGGCAG
GAGGTGGCCCCGGATGCTGG	GUK1__GAGGTGGCCCCGGATGCTGG
GAGGTGGCGAACCAGCGAAG	NASP__GAGGTGGCGAACCAGCGAAG
GAGTACCTAGTGGCCGCCCG	PPID__GAGTACCTAGTGGCCGCCCG
GAGTCTGGCGGCCCAGGGAG	TMEM242__GAGTCTGGCGGCCCAGGGAG
GAGTGGAAATGGGCAACGGG	ARV1__GAGTGGAAATGGGCAACGGG
GAGTGGGACAGCGCTGGTGG	TMEM14A__GAGTGGGACAGCGCTGGTGG
GAGTGTCCGGCCCCAGGTAG	ATP5J2__GAGTGTCCGGCCCCAGGTAG
GATGAGCGCGCAACAATCGG	CNIH4__GATGAGCGCGCAACAATCGG
GATGGCCTCCAGGTTGAGGG	LGALS1__GATGGCCTCCAGGTTGAGGG
GATGGGTTGGTAGCAGACAG	RABGGTB__GATGGGTTGGTAGCAGACAG
GATTGTTGCGTCCCATATCG	CD46__GATTGTTGCGTCCCATATCG
GCACACAAAGAGGGATGGGG	DYNC1I2__GCACACAAAGAGGGATGGGG
GCACGCCTGCTAGGATCAGG	FAM96B__GCACGCCTGCTAGGATCAGG
GCAGAAGCGGCAGGAGTAGG	XPO1__GCAGAAGCGGCAGGAGTAGG
GCAGAGGCAGGGACCACTCG	MPC1__GCAGAGGCAGGGACCACTCG
GCAGAGTGCGCAGGCTCGAG	NDUFB4__GCAGAGTGCGCAGGCTCGAG
GCAGAGTGGATAAAGAACTG	THOC2__GCAGAGTGGATAAAGAACTG
GCAGCAAGTCGAGGAGTCGG	NDUFA2__GCAGCAAGTCGAGGAGTCGG
GCAGCAGTGTCGACGGCAGG	U2AF1__GCAGCAGTGTCGACGGCAGG
GCAGCCTCGGCCCGAGTCCG	FECH__GCAGCCTCGGCCCGAGTCCG
GCAGCGAGAAGCCGCGGACG	MTHFD2L__GCAGCGAGAAGCCGCGGACG
GCAGCGGCGGGCCCCGAGAG	COPRS__GCAGCGGCGGGCCCCGAGAG
GCAGGAGCGTAGAGAGCGCG	NUDC__GCAGGAGCGTAGAGAGCGCG
GCAGGGCCGCGACACGGACG	SNX5__GCAGGGCCGCGACACGGACG
GCATGGTCAACGAAAGTCCG	ATP5F1__GCATGGTCAACGAAAGTCCG
GCCACCGCCCAGCAATAGAG	GNAI3__GCCACCGCCCAGCAATAGAG
GCCACTGCACGACAGATGGG	RPL23__GCCACTGCACGACAGATGGG
GCCAGGCTGTGGGGACGACG	SMARCC1__GCCAGGCTGTGGGGACGACG
GCCAGGGCAGAAGCGCGAAG	MFF__GCCAGGGCAGAAGCGCGAAG
GCCAGTTCAGATCTCCGGAG	SDHC__GCCAGTTCAGATCTCCGGAG
GCCATAAAGCCTGAGGCGGG	RAB7A__GCCATAAAGCCTGAGGCGGG
GCCATAGCCGCCCCGTGACG	PSMG1__GCCATAGCCGCCCCGTGACG
GCCATGAACAGTGTGGGGGG	TRIAP1__GCCATGAACAGTGTGGGGGG
GCCCCCACCTGGCGTTCGGG	RPL39L__GCCCCCACCTGGCGTTCGGG
GCCCCGCGCACAGTTGCGGG	SUMO3__GCCCCGCGCACAGTTGCGGG
GCCCCGGCGCGGCTCAGGTG	MAN1A1__GCCCCGGCGCGGCTCAGGTG
GCCCGACTGTTGAGTGAGGG	C6orf48__GCCCGACTGTTGAGTGAGGG
GCCCGCGGAGGCCTAGGAGG	EIF4H__GCCCGCGGAGGCCTAGGAGG
GCCCGGAGGAGAAGCGTGAG	COMMD3__GCCCGGAGGAGAAGCGTGAG
GCCCTGAGGACTCAGCGAAG	RBM17__GCCCTGAGGACTCAGCGAAG
GCCCTGCTACCCACTTACAG	GNPDA1__GCCCTGCTACCCACTTACAG
GCCCTGGCCACGACTGCAGG	GTF3A__GCCCTGGCCACGACTGCAGG
GCCCTGGCGGAGCAGAGACG	VDAC3__GCCCTGGCGGAGCAGAGACG
GCCGCGCGCTAGAGCGACCG	APLP2__GCCGCGCGCTAGAGCGACCG
GCCGCTCCCGGACAGACGAG	PTP4A2__GCCGCTCCCGGACAGACGAG
GCCGGAGCCCGAACTGAGGG	TMEM248__GCCGGAGCCCGAACTGAGGG
GCCGGGCGACGACGAGGATG	MBOAT2__GCCGGGCGACGACGAGGATG
GCCGGGGTGGAGTCATCCTG	MCM3__GCCGGGGTGGAGTCATCCTG
GCCGGGTGTCCCTAGCCCGG	ALDH1A2__GCCGGGTGTCCCTAGCCCGG
GCCTACTTCCGAGACCCAGG	NDUFAF4__GCCTACTTCCGAGACCCAGG
GCCTCACCTGGCTGCCGGTG	MRPL4__GCCTCACCTGGCTGCCGGTG
GCCTCCCGAGAGGCTCCAGG	TIMM10__GCCTCCCGAGAGGCTCCAGG
GCCTCCGAACGCCAGGTGGG	RPL39L__GCCTCCGAACGCCAGGTGGG
GCCTCGGCTGCGAAGATAGG	RNF138__GCCTCGGCTGCGAAGATAGG
GCCTCTAGGGCAGGCCCCGG	ID2__GCCTCTAGGGCAGGCCCCGG
GCCTCTGCGGGCGATGGGGG	TMED4__GCCTCTGCGGGCGATGGGGG
GCCTGCCGCAGGGAGAAGAG	PNN__GCCTGCCGCAGGGAGAAGAG
GCCTGCGCGAGTTGAGGAGG	CCT5__GCCTGCGCGAGTTGAGGAGG
GCCTGTCTCTGCTCCGCCAG	VDAC3__GCCTGTCTCTGCTCCGCCAG
GCCTTGACCCTCCGCACCAG	COPS5__GCCTTGACCCTCCGCACCAG
GCGAAGTGGGCTCGTGGGTG	C6orf48__GCGAAGTGGGCTCGTGGGTG
GCGAGTCAGAGCCGCGCACG	CEBPB__GCGAGTCAGAGCCGCGCACG
GCGCAACGAGGGCGAACAAG	RBMX__GCGCAACGAGGGCGAACAAG
GCGCAAGCCGGCAAGATGGG	ISCU__GCGCAAGCCGGCAAGATGGG
GCGCACCTCTGGGCAGGAGG	MAN1A1__GCGCACCTCTGGGCAGGAGG
GCGCACGCGCATCTGGGATG	FAM133B__GCGCACGCGCATCTGGGATG
GCGCAGAGGCGGATGTAGAG	ELOVL5__GCGCAGAGGCGGATGTAGAG
GCGCAGCGCCTAGGCGACCG	CENPK__GCGCAGCGCCTAGGCGACCG
GCGCCATGTTAGGACGAAGG	PAPOLA__GCGCCATGTTAGGACGAAGG
GCGCCCAGAGAGACACCAGG	TIMP1__GCGCCCAGAGAGACACCAGG
GCGCCCCCGGAGTCAACCCG	FKBP2__GCGCCCCCGGAGTCAACCCG
GCGCCCGGGAGCCACGCGTG	RPL21__GCGCCCGGGAGCCACGCGTG
GCGCGGCGCACAGACATGGG	EEF2__GCGCGGCGCACAGACATGGG
GCGCGGCTGCCTCACATGGG	EIF2S2__GCGCGGCTGCCTCACATGGG
GCGCGGTTGAGGCCTTCGGG	TMED10__GCGCGGTTGAGGCCTTCGGG
GCGCGTCTGCTCCGTGTGGG	PRKAR2B__GCGCGTCTGCTCCGTGTGGG
GCGCTGTCTTCCTCCGCGGG	GNB2__GCGCTGTCTTCCTCCGCGGG
GCGGAGCAGCGAGAAGCCGG	MTHFD2L__GCGGAGCAGCGAGAAGCCGG
GCGGATCGGGGCAAGGCTCG	HDGF__GCGGATCGGGGCAAGGCTCG
GCGGCAGCAGCGACTTCAGG	NR2F2__GCGGCAGCAGCGACTTCAGG
GCGGCAGCGCGGTCAGTGGG	SNRNP40__GCGGCAGCGCGGTCAGTGGG
GCGGCCCTGGCAAGAACGAG	PSMG2__GCGGCCCTGGCAAGAACGAG
GCGGCGAGCGGTTCCTTGTG	SDCBP__GCGGCGAGCGGTTCCTTGTG
GCGGCGCAGCCGAGTCTCAG	NAP1L1__GCGGCGCAGCCGAGTCTCAG
GCGGCGCGGAGCCAGAACGG	EPB41__GCGGCGCGGAGCCAGAACGG
GCGGCGCTGTCTTCCTCCGG	GNB2__GCGGCGCTGTCTTCCTCCGG
GCGGGACACCGGGTGTAGAG	COX4I1__GCGGGACACCGGGTGTAGAG
GCGGGGCCGGGCATGGTAAG	TIPRL__GCGGGGCCGGGCATGGTAAG
GCGGGTTTGACGGAAGGAGG	CNIH4__GCGGGTTTGACGGAAGGAGG
GCGGTAGTTGGTGTGTCCTG	COX6A1__GCGGTAGTTGGTGTGTCCTG
GCGGTGCCAGGCCGGGCGTG	SLC25A4__GCGGTGCCAGGCCGGGCGTG
GCGGTGGGCGGCATGTCTGG	DCTPP1__GCGGTGGGCGGCATGTCTGG
GCGTACAGCGGCACCCCCAG	HHEX__GCGTACAGCGGCACCCCCAG
GCGTCCCTGTGACCCCGATG	ATP5F1__GCGTCCCTGTGACCCCGATG
GCGTCGGCAGCAGTGTCGAG	U2AF1__GCGTCGGCAGCAGTGTCGAG
GCGTTGCAGGTCACTGTAGG	ID3__GCGTTGCAGGTCACTGTAGG
GCTATCGAGCAGGGTCCGAG	RNF181__GCTATCGAGCAGGGTCCGAG
GCTCACACCCGGCTCGAGAG	EIF3J__GCTCACACCCGGCTCGAGAG
GCTCCAGCTGACCCGGGAAG	PICALM__GCTCCAGCTGACCCGGGAAG
GCTCCCCGAGCAGCTAGTAG	PSMB6__GCTCCCCGAGCAGCTAGTAG
GCTCCGCCATGGCTCCTAAG	SSR3__GCTCCGCCATGGCTCCTAAG
GCTCCGCCGAGGAGACAGGG	RIOK3__GCTCCGCCGAGGAGACAGGG
GCTCCGCGCCGTTCAGCTCG	PITHD1__GCTCCGCGCCGTTCAGCTCG
GCTCGCTGTGGACTCGTCAG	SCCPDH__GCTCGCTGTGGACTCGTCAG
GCTCGGCGCCCGTCCTCTCG	TMEM165__GCTCGGCGCCCGTCCTCTCG
GCTCGGGCCGGCTAGGTGGG	ARL5A__GCTCGGGCCGGCTAGGTGGG
GCTCTGCAGAGTCGAGAGTG	GLUL__GCTCTGCAGAGTCGAGAGTG
GCTCTGCGCCGTGAAGAAGG	CSNK1A1__GCTCTGCGCCGTGAAGAAGG
GCTGCAGAGTGAGTATGGGG	RPL31__GCTGCAGAGTGAGTATGGGG
GCTGCGCAGCGCCTTCAGGG	NCBP2__GCTGCGCAGCGCCTTCAGGG
GCTGCGGCAGAGACGCCAGG	ATPIF1__GCTGCGGCAGAGACGCCAGG
GCTGGACAGGGTCATCCTGG	UQCR11__GCTGGACAGGGTCATCCTGG
GCTGGGCGAGTGACAGCCCG	PRKCB__GCTGGGCGAGTGACAGCCCG
GCTGTGCCGGGCGACGACGG	MBOAT2__GCTGTGCCGGGCGACGACGG
GCTGTGTAGACTGTTGGGTG	TRMT10C__GCTGTGTAGACTGTTGGGTG
GCTTTGCGGACGACGGTGGG	KRT18__GCTTTGCGGACGACGGTGGG
GGAAGGCGGAAGGCTAGGGG	RNF7__GGAAGGCGGAAGGCTAGGGG
GGACACCGGGTGTAGAGGGG	COX4I1__GGACACCGGGTGTAGAGGGG
GGACACGGCGCCGAGGGTGG	PSMA7__GGACACGGCGCCGAGGGTGG
GGACCCGCGAGAGTAGGTGG	MRPS18C__GGACCCGCGAGAGTAGGTGG
GGACCTCGGCCAGTGTGAGG	CWC15__GGACCTCGGCCAGTGTGAGG
GGACGAAATAACTAGCTGGG	NUDT5__GGACGAAATAACTAGCTGGG
GGACGCGCCGGAGGAAAGAG	DYNLT1__GGACGCGCCGGAGGAAAGAG
GGACGGCCAGGGCCCGGAAG	SMS__GGACGGCCAGGGCCCGGAAG
GGACGGCGGCGGCAGTAGTG	CCDC71L__GGACGGCGGCGGCAGTAGTG
GGACTAAGGAGGGATGGTGG	UFC1__GGACTAAGGAGGGATGGTGG
GGAGAAGCGGCTTGGTCGGG	TOP2A__GGAGAAGCGGCTTGGTCGGG
GGAGAAGGGGCAGACCGGTG	NASP__GGAGAAGGGGCAGACCGGTG
GGAGAGCCGCGGCTGGGACG	MPZL1__GGAGAGCCGCGGCTGGGACG
GGAGCAGGAGACCAATACAG	HNRNPF__GGAGCAGGAGACCAATACAG
GGAGCAGGCGGCCTCCCGGG	FAM83A__GGAGCAGGCGGCCTCCCGGG
GGAGCGCCGCTGCTTACCTG	MRPL16__GGAGCGCCGCTGCTTACCTG
GGAGCGCCGGGGATCTGGGG	RNF138__GGAGCGCCGGGGATCTGGGG
GGAGCGGGCGGCGCGACAGG	MSN__GGAGCGGGCGGCGCGACAGG
GGAGCTGCAGGCGAGAACAG	SSR3__GGAGCTGCAGGCGAGAACAG
GGAGGAGAAGCGCTTAAAGG	PAPOLA__GGAGGAGAAGCGCTTAAAGG
GGAGGAGGAAGTCCCGAGTG	SRRM1__GGAGGAGGAAGTCCCGAGTG
GGAGGCGGTACGAAAAGGGG	DLK1__GGAGGCGGTACGAAAAGGGG
GGAGTACGCTCGGGAGCCCG	TIMM17B__GGAGTACGCTCGGGAGCCCG
GGAGTTCCTAGTAAAGTGGG	HAUS1__GGAGTTCCTAGTAAAGTGGG
GGATTAACACTTACCGAGAG	RPL32__GGATTAACACTTACCGAGAG
GGCACACTGAGAGCTTCACG	RHAG__GGCACACTGAGAGCTTCACG
GGCACGGACCGGGACACCAG	GYPC__GGCACGGACCGGGACACCAG
GGCACTCACCGTGTGTAGTG	PMAIP1__GGCACTCACCGTGTGTAGTG
GGCAGAGCAGGCCCATCTTG	HOXB2__GGCAGAGCAGGCCCATCTTG
GGCAGCAGCTGCGACGGGTG	LSM5__GGCAGCAGCTGCGACGGGTG
GGCAGCGAGGGGCTCGGAGG	MYL12A__GGCAGCGAGGGGCTCGGAGG
GGCCAAAGGCAATACTCACG	EIF4E__GGCCAAAGGCAATACTCACG
GGCCCGCGACGGTTAAACGG	NEK2__GGCCCGCGACGGTTAAACGG
GGCCCGCGGGAACCACACAG	EEF1A1__GGCCCGCGGGAACCACACAG
GGCCGCCGCCTCACAGGACG	NUTF2__GGCCGCCGCCTCACAGGACG
GGCCGGGAGAGGAGACGAAG	EIF3A__GGCCGGGAGAGGAGACGAAG
GGCCGTTGAGGGACCGTTGG	CALM3__GGCCGTTGAGGGACCGTTGG
GGCGACGCGCCGAGGTACTG	FKBP1A__GGCGACGCGCCGAGGTACTG
GGCGACGGCAGAAGAAAAAG	AZIN1__GGCGACGGCAGAAGAAAAAG
GGCGCCACGTCCCTTGCGGG	IER3IP1__GGCGCCACGTCCCTTGCGGG
GGCGCCATAAGGACAACCCG	ZRANB2__GGCGCCATAAGGACAACCCG
GGCGCCCCGCACATCATCTG	CSTB__GGCGCCCCGCACATCATCTG
GGCGCCGCGGAGCCGACGGG	RNF7__GGCGCCGCGGAGCCGACGGG
GGCGCGCGTCTGCTCCGTGG	PRKAR2B__GGCGCGCGTCTGCTCCGTGG
GGCGGACCTCTGGTGGACAG	LYRM2__GGCGGACCTCTGGTGGACAG
GGCGGATCTGGACACCCAGG	USP15__GGCGGATCTGGACACCCAGG
GGCGGCCAGAGAAGAGTCAG	NDUFS5__GGCGGCCAGAGAAGAGTCAG
GGCGGCCGGGCCCCCACGGG	NUDT4__GGCGGCCGGGCCCCCACGGG
GGCGGCGACGGAGGGAATCG	CSTB__GGCGGCGACGGAGGGAATCG
GGCGGCGATCCCCACGTGGG	DIMT1__GGCGGCGATCCCCACGTGGG
GGCGGCGCCGGAGATATCTG	WSB1__GGCGGCGCCGGAGATATCTG
GGCGGCGGCGGCTACAGGAG	ODC1__GGCGGCGGCGGCTACAGGAG
GGCGGCTGCCCAGTGACAGG	PRKAR2A__GGCGGCTGCCCAGTGACAGG
GGCGGGGCTCACCCACCTCG	TMEM98__GGCGGGGCTCACCCACCTCG
GGCGTCAGAGCTTGAGGGGG	LUC7L2__GGCGTCAGAGCTTGAGGGGG
GGCGTCAGTCGAGGAGTCAG	C16orf91__GGCGTCAGTCGAGGAGTCAG
GGCTAGGGGAACCGTCGTGG	CRIPT__GGCTAGGGGAACCGTCGTGG
GGCTCCCTGCGCTGCTCCGG	BCAP29__GGCTCCCTGCGCTGCTCCGG
GGCTGCGGGGGCGCAAATAG	JAGN1__GGCTGCGGGGGCGCAAATAG
GGCTTCAGACAAGTCGGAGG	SPCS2__GGCTTCAGACAAGTCGGAGG
GGCTTCTGCTACTAGTGAGG	THOC2__GGCTTCTGCTACTAGTGAGG
GGGAGGCGTCCGTGTAAGTG	GNPDA1__GGGAGGCGTCCGTGTAAGTG
GGGAGGGCGCTGAAGATCGG	ADIPOR1__GGGAGGGCGCTGAAGATCGG
GGGCAAAGCGAAAAAAATGG	ID1__GGGCAAAGCGAAAAAAATGG
GGGCGAACGTCGCGACGACG	PCNA__GGGCGAACGTCGCGACGACG
GGGCGCAAATAGGGTCAGTG	JAGN1__GGGCGCAAATAGGGTCAGTG
GGGCGTTAACGCCAAGACTG	RTN3__GGGCGTTAACGCCAAGACTG
GGGCTGCGACGCGGAGGCAG	VDAC1__GGGCTGCGACGCGGAGGCAG
GGGGAAGCGAAGTAGGCAGG	NDUFB2__GGGGAAGCGAAGTAGGCAGG
GGGGCAAAGCTCAAGATGGG	U2SURP__GGGGCAAAGCTCAAGATGGG
GGGGCCCCGACTCACCCGGG	CERS2__GGGGCCCCGACTCACCCGGG
GGGGCGCAGGAAACAATAGG	RBBP4__GGGGCGCAGGAAACAATAGG
GGGTAGCGCGAGAGAGCGAG	RHOA__GGGTAGCGCGAGAGAGCGAG
GGGTAGGAAAACAGCCCAAG	HBD__GGGTAGGAAAACAGCCCAAG
GGGTCAGGCGGGCCCATACG	SLC25A39__GGGTCAGGCGGGCCCATACG
GGGTGACTTGGGTACGTTGG	OARD1__GGGTGACTTGGGTACGTTGG
GGTAGTGCGCGCAGCTCAGG	BROX__GGTAGTGCGCGCAGCTCAGG
GGTCAAGGACCACCAACTCG	NSL1__GGTCAAGGACCACCAACTCG
GGTCACGGCGCGCTCACAAG	COMMD3__GGTCACGGCGCGCTCACAAG
GGTCCGGTGCCGCCTCCAAG	PCGF5__GGTCCGGTGCCGCCTCCAAG
GGTCCTCGGAGACACGCGGG	IMPDH2__GGTCCTCGGAGACACGCGGG
GGTCGACAGCGCCCACCTCG	MSN__GGTCGACAGCGCCCACCTCG
GGTGAGTACGGCTTATGGAG	FAM204A__GGTGAGTACGGCTTATGGAG
GGTGCGCGCGGGAACGACCG	SMARCC1__GGTGCGCGCGGGAACGACCG
GGTGGCCCGGGTCTATAATG	C21orf59__GGTGGCCCGGGTCTATAATG
GGTGTCGCCGGAAATGCAGG	TMEM14C__GGTGTCGCCGGAAATGCAGG
GGTGTGTAAAGTAGTATGGG	CRLS1__GGTGTGTAAAGTAGTATGGG
GGTGTTTCCGGCTTCAAGAG	PRPF38A__GGTGTTTCCGGCTTCAAGAG
GGTTTCTGGGAGCCAAGAGG	CWC15__GGTTTCTGGGAGCCAAGAGG
GGTTTGGTCGTTCGTTGGGG	H3F3B__GGTTTGGTCGTTCGTTGGGG
GTAAGGCCGGGCCTCGGAGG	SERPINB1__GTAAGGCCGGGCCTCGGAGG
GTAATGGCGGACACAGGCAG	WASF2__GTAATGGCGGACACAGGCAG
GTACCACTCACCCCACACCG	PARK7__GTACCACTCACCCCACACCG
GTACTGGAACAAGCAAACGG	SLC16A1__GTACTGGAACAAGCAAACGG
GTAGACCAACCCGCCGCCCG	UBE2S__GTAGACCAACCCGCCGCCCG
GTAGCTGAAGACCAGACCGG	RHOA__GTAGCTGAAGACCAGACCGG
GTATGGCAACCCTCCCTCGG	NDUFV2__GTATGGCAACCCTCCCTCGG
GTCCACGCGGAAAAGACGGG	NAP1L1__GTCCACGCGGAAAAGACGGG
GTCCAGCCTGTGGAGACAGG	SMC3__GTCCAGCCTGTGGAGACAGG
GTCCAGGTAGCTACAGCAGG	EXOSC7__GTCCAGGTAGCTACAGCAGG
GTCGCCATGAACAGTGTGGG	TRIAP1__GTCGCCATGAACAGTGTGGG
GTCGGCTGTGTAGACTGTTG	TRMT10C__GTCGGCTGTGTAGACTGTTG
GTCGGGACCGGCAAGATGGG	MRPS10__GTCGGGACCGGCAAGATGGG
GTCTAGAGACAGCATGGCGG	SEC11A__GTCTAGAGACAGCATGGCGG
GTGAACGGCTGCGCGACAGG	RPL18A__GTGAACGGCTGCGCGACAGG
GTGAGTCGGAGCTCTATGGG	EIF4G2__GTGAGTCGGAGCTCTATGGG
GTGATCGGAGACGAGGACAG	ATP6V1F__GTGATCGGAGACGAGGACAG
GTGCAAGGCCTCAGAGTCTG	BLVRB__GTGCAAGGCCTCAGAGTCTG
GTGCAGTCCCCGGTACTGAG	RBBP4__GTGCAGTCCCCGGTACTGAG
GTGCGGCGAGGCGGAATGGG	RMI2__GTGCGGCGAGGCGGAATGGG
GTGCGTCGGAAGGCGACTAG	HNRNPA1__GTGCGTCGGAAGGCGACTAG
GTGCGTGCGCCTGGTGGAGG	KCNK1__GTGCGTGCGCCTGGTGGAGG
GTGCTTCTGGCGGAGCGGAG	PAIP1__GTGCTTCTGGCGGAGCGGAG
GTGGAAGCGTCTAACTCTTG	PRR13__GTGGAAGCGTCTAACTCTTG
GTGGAGCACCAGCTACGCGG	NMU__GTGGAGCACCAGCTACGCGG
GTGGAGTTGCCCTTGGAGGG	PCGF5__GTGGAGTTGCCCTTGGAGGG
GTGGCAGGAACCTCTTAAAG	EPB41__GTGGCAGGAACCTCTTAAAG
GTGGCCCTGGTCACCTCCAG	NARS__GTGGCCCTGGTCACCTCCAG
GTGGCCGCTATTAGTGAGGG	CEBPB__GTGGCCGCTATTAGTGAGGG
GTGGGCGAGCAGAGCCTCGG	CCND2__GTGGGCGAGCAGAGCCTCGG
GTGGTCCTTGACCCTCCATG	NSL1__GTGGTCCTTGACCCTCCATG
GTGGTGGGCGAAACTGGGGG	ST13__GTGGTGGGCGAAACTGGGGG
GTGGTGGGTCGGGTTCTAGG	ST6GALNAC1__GTGGTGGGTCGGGTTCTAGG
GTGGTGGTTCCGCGATGGTG	FAM96B__GTGGTGGTTCCGCGATGGTG
GTGTCTCTAGGGTGATACGG	RPL38__GTGTCTCTAGGGTGATACGG
GTGTGCGACGGGGACCCTAG	LUC7L2__GTGTGCGACGGGGACCCTAG
GTGTGGTTGACGAGCTCGGG	UCHL5__GTGTGGTTGACGAGCTCGGG
GTTCAGAAAAAGCACCTAGG	PRPF38A__GTTCAGAAAAAGCACCTAGG
GTTCCACCATACTCACCCGG	EWSR1__GTTCCACCATACTCACCCGG
GTTGCCGGAGCCCGAACTGG	TMEM248__GTTGCCGGAGCCCGAACTGG
TAAAGCGGAAGGCTCCCCGG	CENPW__TAAAGCGGAAGGCTCCCCGG
TAAAGGCCATGGCCGTCCGG	IER3IP1__TAAAGGCCATGGCCGTCCGG
TAAAGTAGTATGGAGGCAGG	CRLS1__TAAAGTAGTATGGAGGCAGG
TAACCCGGAGGGGTATGGGG	PAICS__TAACCCGGAGGGGTATGGGG
TAATGACCCCAATCCCCAAG	WDR61__TAATGACCCCAATCCCCAAG
TAATTCCAGCGAGAGGCAGG	MYC__TAATTCCAGCGAGAGGCAGG
TACCGGAGGAGAAAGATGGG	PSMB6__TACCGGAGGAGAAAGATGGG
TACGGGCCCACCTGTGACGG	BRI3__TACGGGCCCACCTGTGACGG
TACTTAAGGCGTCTGTTCTG	EIF4A3__TACTTAAGGCGTCTGTTCTG
TAGCACTACTGCGCAACGAG	RBMX__TAGCACTACTGCGCAACGAG
TAGCAGGGTGGTGTGATAGG	MYL12A__TAGCAGGGTGGTGTGATAGG
TAGCCGGGTCAGCTGGACAG	UQCR11__TAGCCGGGTCAGCTGGACAG
TAGCCTGCGAGTGTTCTGAG	BUB3__TAGCCTGCGAGTGTTCTGAG
TAGGGGTGAAGAACGGAAGG	NUDT5__TAGGGGTGAAGAACGGAAGG
TAGGTTCAGTGGGCGGAAGG	GUK1__TAGGTTCAGTGGGCGGAAGG
TATAAGGACGCGCCGGGTGG	UBC__TATAAGGACGCGCCGGGTGG
TATATTGGCGCGGCCCAGAG	IMPDH2__TATATTGGCGCGGCCCAGAG
TATCCGCCGGGGGAGAATAG	PYCR2__TATCCGCCGGGGGAGAATAG
TCACCCAGAGGCTCCCCTTG	TMEM59__TCACCCAGAGGCTCCCCTTG
TCACCCTGGCAGTAAGCGTG	KCNH2__TCACCCTGGCAGTAAGCGTG
TCACGCCTGGGAAGCGGGTG	PRAME__TCACGCCTGGGAAGCGGGTG
TCAGACAAGTCGGAGGGGAG	SPCS2__TCAGACAAGTCGGAGGGGAG
TCAGCCGCAGTCCCTGGTAG	MAD2L1BP__TCAGCCGCAGTCCCTGGTAG
TCAGGAAGGACGACCGCACG	TYMS__TCAGGAAGGACGACCGCACG
TCAGGCAGCGTCGCCGCCGG	TOP1__TCAGGCAGCGTCGCCGCCGG
TCAGGTTCAGGCCGCACGTG	NDUFAF4__TCAGGTTCAGGCCGCACGTG
TCAGTGCGGAACCCCAACGG	RPL6__TCAGTGCGGAACCCCAACGG
TCCAGAAGAAACTAAGAGGG	ZC3H8__TCCAGAAGAAACTAAGAGGG
TCCAGGCTTGGGAAAGCACG	COA1__TCCAGGCTTGGGAAAGCACG
TCCAGGTGAAGGGTGACTTG	OARD1__TCCAGGTGAAGGGTGACTTG
TCCATAGCGGCAGCGGCTCG	YWHAE__TCCATAGCGGCAGCGGCTCG
TCCATCTGGGCACTCGAGAG	NUDT4__TCCATCTGGGCACTCGAGAG
TCCCGTGAGAGGGCCTTCGG	DDX3X__TCCCGTGAGAGGGCCTTCGG
TCCGAGGAGCGAGGCCACAG	DECR1__TCCGAGGAGCGAGGCCACAG
TCCGCGGCCCTGTCGGAAGG	CMPK1__TCCGCGGCCCTGTCGGAAGG
TCCGCTGCGGCACACGGTCG	MCM3__TCCGCTGCGGCACACGGTCG
TCCGGAGCCGCACAAACCAG	FBL__TCCGGAGCCGCACAAACCAG
TCCGGCAGGGTCTGCGCGAG	YWHAE__TCCGGCAGGGTCTGCGCGAG
TCCGGCCCCCGCCACGTGAG	SLC25A33__TCCGGCCCCCGCCACGTGAG
TCCGGCGCTTGGGCCAGAGG	DIMT1__TCCGGCGCTTGGGCCAGAGG
TCCGGGACCACCACGCCAAG	ACYP1__TCCGGGACCACCACGCCAAG
TCCGGGAGCCAACATGCCTG	GPN3__TCCGGGAGCCAACATGCCTG
TCCGGGAGCTGCCGACGGAG	CKB__TCCGGGAGCTGCCGACGGAG
TCCGGGTTGTCACTCTCTCG	ZC3H8__TCCGGGTTGTCACTCTCTCG
TCCTTCTGGCGACAAACCGG	CAPZA2__TCCTTCTGGCGACAAACCGG
TCGCAAGCACCGGCAGCAGG	HDDC3__TCGCAAGCACCGGCAGCAGG
TCGCCGCCGAGGGCAGAGAG	LMO2__TCGCCGCCGAGGGCAGAGAG
TCGCCGGCAGCGCAGGACAG	PSMA7__TCGCCGGCAGCGCAGGACAG
TCGCGCCGAGAAAGGTGAGG	UAP1__TCGCGCCGAGAAAGGTGAGG
TCGCTCCGGGAGCTGCCGAG	CKB__TCGCTCCGGGAGCTGCCGAG
TCGGTCCTGCCTGTAACGGG	CD47__TCGGTCCTGCCTGTAACGGG
TCGGTGCGCGCCTGTCCGGG	ZNF593__TCGGTGCGCGCCTGTCCGGG
TCTCGCGAGAGGCGGGAAAG	LSM3__TCTCGCGAGAGGCGGGAAAG
TCTGCCCAGAGGATGACAGG	C1D__TCTGCCCAGAGGATGACAGG
TCTGGGCTGGTCCCCGCCGG	QKI__TCTGGGCTGGTCCCCGCCGG
TCTTAGGCTCAGGCTTCTTG	MYL4__TCTTAGGCTCAGGCTTCTTG
TCTTGAAGCGACCCGGAAGG	BANF1__TCTTGAAGCGACCCGGAAGG
TGAATGGGAGGGTCGCGGGG	PTTG1__TGAATGGGAGGGTCGCGGGG
TGAGACGAACGCTTCACTGG	TAF12__TGAGACGAACGCTTCACTGG
TGAGCGCACCGAGAACTCGG	PDIA4__TGAGCGCACCGAGAACTCGG
TGAGGACTCAGCGAAGGGTG	RBM17__TGAGGACTCAGCGAAGGGTG
TGAGGGAGATAGGCCTCCAG	BANF1__TGAGGGAGATAGGCCTCCAG
TGATCGCAGTCCGGAGGTGG	CAP1__TGATCGCAGTCCGGAGGTGG
TGCAGGCATGGTGCTAGGTG	NARS__TGCAGGCATGGTGCTAGGTG
TGCCAGTGACCGGAGGCGGG	SDCBP__TGCCAGTGACCGGAGGCGGG
TGCCCGTCGGTCCCCGCGGG	PRKAR2A__TGCCCGTCGGTCCCCGCGGG
TGCCGAAGGCCGCAAACACG	CCNDBP1__TGCCGAAGGCCGCAAACACG
TGCCGGGCGAGCACCGTTAG	ARL4A__TGCCGGGCGAGCACCGTTAG
TGCGGGAGGCTCGGTGCTAG	NMU__TGCGGGAGGCTCGGTGCTAG
TGGAAGCCCGAAGCAGATAG	ID1__TGGAAGCCCGAAGCAGATAG
TGGAGGGGACAGATTACAGG	LAMTOR1__TGGAGGGGACAGATTACAGG
TGGAGGGTGAAGGCATCTGG	ATP5J2__TGGAGGGTGAAGGCATCTGG
TGGCCGAGCCGTTCATGAGG	IRF2BP2__TGGCCGAGCCGTTCATGAGG
TGGCCGCCATGGCTACTACG	NDUFB5__TGGCCGCCATGGCTACTACG
TGGCCTGAAGACCTGGAATG	NDUFA2__TGGCCTGAAGACCTGGAATG
TGGCGACTGCGGAAGCTAGG	CYB5B__TGGCGACTGCGGAAGCTAGG
TGGCGGCGGCCACACCGGGG	GAL__TGGCGGCGGCCACACCGGGG
TGGCGTCCACGGGTGAGTAG	EWSR1__TGGCGTCCACGGGTGAGTAG
TGGCTCGTTCCATTCTCGGG	BEX4__TGGCTCGTTCCATTCTCGGG
TGGCTGTCTCTGCAGTCGAG	MRPS35__TGGCTGTCTCTGCAGTCGAG
TGGGATCCGCAGGCAGGGTG	EIF4E__TGGGATCCGCAGGCAGGGTG
TGGGATTCCGGACTGTGAGG	C21orf59__TGGGATTCCGGACTGTGAGG
TGGGCCAGCGAAAACAATCG	CENPW__TGGGCCAGCGAAAACAATCG
TGGGCGCTAAGGGAGCTGAG	GNAI3__TGGGCGCTAAGGGAGCTGAG
TGGGGTGAGTGGTACCCAAG	PARK7__TGGGGTGAGTGGTACCCAAG
TGGGTCGGGTTCTAGAGGAG	ST6GALNAC1__TGGGTCGGGTTCTAGAGGAG
TGGTACCCGGAGTCCCGAGG	ID3__TGGTACCCGGAGTCCCGAGG
TGGTCGTGGGTAAAGACAAG	CHRAC1__TGGTCGTGGGTAAAGACAAG
TGGTGAGCTGCGACGTGACG	SLC16A1__TGGTGAGCTGCGACGTGACG
TGGTGAGTGGGTACCCGGGG	POMP__TGGTGAGTGGGTACCCGGGG
TGTCCAGCCGGTCACGGGGG	PSMG1__TGTCCAGCCGGTCACGGGGG
TGTCCGGGAGCGGCTGGAGG	PTP4A2__TGTCCGGGAGCGGCTGGAGG
TGTCGTGCGGCCCGTGGCGG	GADD45A__TGTCGTGCGGCCCGTGGCGG
TGTGCGGCTCCGGAGTCCGG	FBL__TGTGCGGCTCCGGAGTCCGG
TGTGGGCCCGGGCCGTCGTG	GLRX5__TGTGGGCCCGGGCCGTCGTG
TTAGCCAGGTTATCCCCAGG	PPP1R11__TTAGCCAGGTTATCCCCAGG
TTCATCCAAGGGAACTCGGG	HOXB2__TTCATCCAAGGGAACTCGGG
TTCTCAGGCGGCCCCGCGGG	RMI2__TTCTCAGGCGGCCCCGCGGG
TTCTGGCGACAAACCGCGGG	CAPZA2__TTCTGGCGACAAACCGCGGG
TTGCTGAGGTGACTTCAGTG	SDHC__TTGCTGAGGTGACTTCAGTG
TTGGCCATAAAGCCTGAGGG	RAB7A__TTGGCCATAAAGCCTGAGGG
TTGTCGCTCGCAGCCGTCAG	C1orf52__TTGTCGCTCGCAGCCGTCAG
TTGTTCCGAGGGCAGGATGG	TMEM123__TTGTTCCGAGGGCAGGATGG
TTTCTCCGGCAGCAGAAAGG	ARID1A__TTTCTCCGGCAGCAGAAAGG
AATATGTCACATTCTGTCTC	non-targeting_pos_control_KlannHS2g_HS2_A
ACTATGCTGAGCTGTGATGA	non-targeting_pos_control_Klannchr_HS1
CCATGAGTAGAGGGCAGACA	non-targeting_pos_control_Klannchr1_HS3
CGGACCTGACTCCACCCCTG	non-targeting_pos_control_HBE1_tss_Klann_mosaic
GAAGGTTACACAGAACCAGA	non-targeting_pos_control_KlannHS2g_HS2_B
GAGAGTGATGACTCCTATCT	non-targeting_pos_control_HS2_Klann_mosaic
GAGATTTGCTCCTTTATATG	non-targeting_pos_control_HBE1_tss_Klann_mosaic
GCCCTGTAAGCATCCTGCTG	non-targeting_pos_control_KlannHS2g_HS2_A
GGACTATGGGAGGTCACTAA	non-targeting_pos_control_KlannHS2g_HS2_B
GGCAAGGCTGGCCAACCCAT	non-targeting_pos_control_Klannchr1_HBG1_HBG1_tss_both
GTAATGTGTGCTGGATCCTG	non-targeting_pos_control_mosaic_HB_HBE1_tss_B
GTTCTTTACTGCCGAAGTTC	non-targeting_pos_control_mosaic_HB_HBE1_tss_A
TACTAGGCTGACTCACTCCA	non-targeting_pos_control_Klannchr1_HS4
TGCCCTGTAAGCATCCTGCT	non-targeting_pos_control_HS2_Klann_mosaic
AACACAACACACCAAAACTG	non-targeting_random_24
AAGTTGACTCTACATAGCAG	non-targeting_random_7
AATATTCTCCCTCATTCTGG	non-targeting_random_13
AATCATGGTGGAAGGTGAAG	non-targeting_random_19
AATCCTCTAATGGACGAAGA	non-targeting_random_10
AATGAGGAGCAAACGAAAAT	non-targeting_scrambled_20
ACACACACAGAGAAATATAG	non-targeting_random_4
ACCGCTGCCCTAACCACTGG	non-targeting_scrambled_7
ACGAAATGTTTCATGACCAA	non-targeting_scrambled_23
ACTGCCTCGCGATTGACTGG	non-targeting_scrambled_10
AGAATTTCTTTGAACCCGGG	non-targeting_random_3
AGAGGTAACCAAAATAGCAA	non-targeting_random_11
AGAGTGTAGATACGTTGGTG	non-targeting_scrambled_3
AGATACCTATGGCCATATAG	non-targeting_random_10
AGCCTAACGATCGGACCGAG	non-targeting_scrambled_1
AGCTCTTGCGGTAAATCGTG	non-targeting_scrambled_7
AGGAATCCAGCAATCCCACA	non-targeting_random_25
AGTTCTAGAGCACTGAGCAA	non-targeting_random_9
ATAGAAGGAGGATGAGGGGA	non-targeting_random_1
ATAGATTTACGTTACTCTCT	non-targeting_scrambled_25
ATAGGCCAGTTACAATTTGG	non-targeting_random_8
ATATGTAACCTCCAGAATGA	non-targeting_random_11
ATATTCAGCAGCTAAAGCAT	non-targeting_random_9
ATGCGGCGAACTGCCGTAAG	non-targeting_scrambled_9
ATGTGTATATTAACATAGGG	non-targeting_random_16
ATTAGCATCAGGTAGACTAA	non-targeting_scrambled_18
ATTGGCAGTCTCTAAGAAGT	non-targeting_random_14
ATTGGTATCCGTATAAGCAG	non-targeting_random_23
CAAAGGCTGAGGAGCGGTGG	non-targeting_scrambled_20
CAATCAGCGACTGCTGCTGG	non-targeting_scrambled_5
CACCACTGGCATGCTTGAAG	non-targeting_scrambled_12
CACCCTCCTGGGGAAGACCA	non-targeting_random_3
CACCGGGACTCGGGAGTGCG	non-targeting_scrambled_4
CAGGATCGCTATCAGCACGG	non-targeting_scrambled_14
CCACATACGAAATGCCAACG	non-targeting_scrambled_25
CCACCTTCGAAGTCCGTATG	non-targeting_scrambled_22
CCATAAAGAATTCGGTGTAG	non-targeting_scrambled_16
CCCTCAAGGGCACGTTTAGG	non-targeting_scrambled_11
CCTGACAATCAATCTCCAAG	non-targeting_random_20
CGAAAATGGGTGCGTGGACT	non-targeting_scrambled_19
CGAAGGATCAAAGCGACTTT	non-targeting_scrambled_17
CGAGTTGTAAGCCCTTAAAA	non-targeting_random_17
CGGTGGGGCCGCTCACTAGG	non-targeting_scrambled_4
CGTATTTCTCTTAGAGATCA	non-targeting_scrambled_22
CTAAAGCATTGGCTGAGAAG	non-targeting_random_18
CTATAGGGTATGAAGAGCAA	non-targeting_random_1
CTATTCGCCAACTTGTTACG	non-targeting_scrambled_13
CTCACCGTAGAGACGGCACG	non-targeting_scrambled_6
CTCACCTGTGGGAGTAACGG	non-targeting_bassik_mch
CTGAACTTCGGTAAAGGCGG	non-targeting_scrambled_5
CTGCAACGTGGTGCTGCCGG	non-targeting_scrambled_13
GAACTCAATAGTGAGAGCGG	non-targeting_scrambled_10
GACCTCCTGTGATCAGGTGG	non-targeting_scrambled_8
GAGAAAAGTCGTTCTACAAA	non-targeting_scrambled_24
GATATGTTATTGAAATCTAA	non-targeting_random_20
GATGAAGAAGTATAAAGCAG	non-targeting_random_4
GATGTTTTATATAATCCCCA	non-targeting_random_25
GCAAATGCTTCATCACCCCA	non-targeting_random_24
GCCTGCAGAAAGCTTCCCTG	non-targeting_random_22
GCCTTGTTTCTATTTGTAGA	non-targeting_random_23
GCGAACAGCGAGGGCCCCTG	non-targeting_scrambled_2
GCGACATTTGGGTCGCGAAG	non-targeting_scrambled_11
GCGGCGCCTGTAAGCCCCTG	non-targeting_scrambled_21
GCGTCCCTAGGGTATTTTAC	non-targeting_scrambled_15
GCTCTAATGAACAGAATGGG	non-targeting_random_7
GCTGGGGAGACCCAACCCAG	non-targeting_random_6
GCTGTATATCGGCGCCCCGG	non-targeting_scrambled_8
GGACGAGTAACCTGCCGGGG	non-targeting_scrambled_17
GGCATCGGGCAGACGGGATG	non-targeting_scrambled_16
GGGCAACCCCAGGAAGACCG	non-targeting_random_2
GGGCAGTCGTAACTCTAAGG	non-targeting_scrambled_24
GGGGACTTGCTCCAGGACGG	non-targeting_scrambled_19
GTACCCGCTAAGGAGCGCGG	non-targeting_scrambled_14
GTAGCCTCTGTTCCTCAGTA	non-targeting_random_5
GTAGCTTTATGAGAACCACT	non-targeting_random_19
GTAGTTCACATAATCCCTGT	non-targeting_random_22
GTGCCCGGAGCTACATGGCG	non-targeting_scrambled_6
GTGGCCCTACTGAGGAACAG	non-targeting_random_6
TAAACTCATGGTCCTGAAGG	non-targeting_scrambled_9
TAAGGGCGACGTTCGGTAAG	non-targeting_scrambled_12
TAAGGGCGCCCGAATCGCCG	non-targeting_scrambled_1
TACAACTGCATTACATGCCA	non-targeting_random_12
TAGCTTGCACTCCCCTTGTG	non-targeting_scrambled_18
TATCTCAGAGTACTATTCCA	non-targeting_random_8
TATTCGTACCGGGCAGCAGG	non-targeting_scrambled_3
TCAGGGGTCGATCTTTAACC	non-targeting_random_21
TCCGCAGTCAAAAGACCGAG	non-targeting_random_12
TCTAATCTCAGCTACTTGGG	non-targeting_random_21
TCTGCTAAACTGCCTACACA	non-targeting_random_18
TCTTGGCCTGCTTGGTGTCT	non-targeting_scrambled_21
TGAACAATACTCCAGTACAT	non-targeting_random_15
TGCATCTTCTGAAATGGCAG	non-targeting_random_15
TGTCCAGTTCCGTAGGATGG	non-targeting_scrambled_2
TGTTGTGAGAGCATCCGGAG	non-targeting_scrambled_15
TTAAAATTGATTCTGCCACT	non-targeting_random_13
TTAAGGGCTTACAACTCGAA	non-targeting_random_16
TTAATTCCTCTGGCGCCGCT	non-targeting_random_5
TTAGCTTTGAAAACACACAC	non-targeting_random_14
TTATCTCTATTTGACAGACG	non-targeting_random_2
TTGGGAATGCGAGGCAAAGG	non-targeting_scrambled_23
TTTCTCTGTAAGTTACCATG	non-targeting_random_17
