pool_id	lane	lane_id	run_accession	sample_accession	secondary_sample_accession	experiment_accession	library_name	sra_bytes	sra_md5
CD4i_R1_L01-23	1	CD4i_R1L01	SRR36475051	SAMN53135085	SRS27023351	SRX31033295	CD4i_R1L01_CRI_lib	14083100152	456a70df87837a4fe49e7145d5b7b90a
CD4i_R1_L01-23	1	CD4i_R1L01	SRR36475052	SAMN53135085	SRS27023351	SRX31033295	CD4i_R1L01_CRI_lib	12578660684	4eff2f90b3c669f82f7ec22e62c416d5
CD4i_R1_L01-23	1	CD4i_R1L01	SRR36475053	SAMN53135085	SRS27023351	SRX31033295	CD4i_R1L01_CRI_lib	14228306844	46eb70529ee40976febe05e98c8bc968
CD4i_R1_L01-23	1	CD4i_R1L01	SRR36475054	SAMN53135085	SRS27023351	SRX31033295	CD4i_R1L01_CRI_lib	14191209272	3d5cc0b14d524da09d680f2e35946907
CD4i_R1_L01-23	1	CD4i_R1L01	SRR36475055	SAMN53135085	SRS27023351	SRX31033295	CD4i_R1L01_CRI_lib	13800280736	d856c991d0b944e1f4a0d3a5e4b786a5
CD4i_R1_L01-23	1	CD4i_R1L01	SRR36475056	SAMN53135085	SRS27023351	SRX31033295	CD4i_R1L01_CRI_lib	11712862228	757f728ee32545ac68e10c2b9a9a0728
CD4i_R1_L01-23	1	CD4i_R1L01	SRR36475057	SAMN53135085	SRS27023351	SRX31033295	CD4i_R1L01_CRI_lib	11196331296	ca0483c75af3e4363629f8afb19cc462
CD4i_R1_L01-23	1	CD4i_R1L01	SRR36475058	SAMN53135085	SRS27023351	SRX31033295	CD4i_R1L01_CRI_lib	11918639388	f8efbf71f738f96203e04cb6d53dc94e
CD4i_R1_L01-23	1	CD4i_R1L01	SRR36475059	SAMN53135085	SRS27023351	SRX31033295	CD4i_R1L01_CRI_lib	12618917552	7d84a4edefd26d8758b2f5e83d544109
CD4i_R1_L01-23	1	CD4i_R1L01	SRR36475060	SAMN53135085	SRS27023351	SRX31033295	CD4i_R1L01_CRI_lib	14529658372	e45a54f05e48892b180eee87b4626e32
CD4i_R1_L01-23	2	CD4i_R1L02	SRR35984008	SAMN53135086	SRS27023352	SRX31033296	CD4i_R1L02_CRI_lib	14475361352	d27479ce5c3921ce377c14e19649628d
CD4i_R1_L01-23	2	CD4i_R1L02	SRR36660988	SAMN53135086	SRS27023352	SRX31033296	CD4i_R1L02_CRI_lib	11175704506	d3416ba65a63d46726590ed0e6587e9e
CD4i_R1_L01-23	2	CD4i_R1L02	SRR36660989	SAMN53135086	SRS27023352	SRX31033296	CD4i_R1L02_CRI_lib	15062865300	ddc4d1888d4eaac4182d1c43f5a2d484
CD4i_R1_L01-23	2	CD4i_R1L02	SRR36660990	SAMN53135086	SRS27023352	SRX31033296	CD4i_R1L02_CRI_lib	15017904332	44f547754d7db9625bd64fd8609bca8a
CD4i_R1_L01-23	2	CD4i_R1L02	SRR36660991	SAMN53135086	SRS27023352	SRX31033296	CD4i_R1L02_CRI_lib	11995020626	5a852d8e63c5ba771022eb65d477d04c
CD4i_R1_L01-23	2	CD4i_R1L02	SRR36660992	SAMN53135086	SRS27023352	SRX31033296	CD4i_R1L02_CRI_lib	11974820860	9c21c76ea084c60362416d6d8bc20eb5
CD4i_R1_L01-23	2	CD4i_R1L02	SRR36660993	SAMN53135086	SRS27023352	SRX31033296	CD4i_R1L02_CRI_lib	11441150808	6982460ad5bf26023f7980f05d59d8a6
CD4i_R1_L01-23	2	CD4i_R1L02	SRR36660994	SAMN53135086	SRS27023352	SRX31033296	CD4i_R1L02_CRI_lib	12400720324	e420d93b563eaa345765ff1d6bd57832
CD4i_R1_L01-23	2	CD4i_R1L02	SRR36660995	SAMN53135086	SRS27023352	SRX31033296	CD4i_R1L02_CRI_lib	12913016792	3828ceb899715ad391850ad5c4cf22ec
CD4i_R1_L01-23	2	CD4i_R1L02	SRR36660996	SAMN53135086	SRS27023352	SRX31033296	CD4i_R1L02_CRI_lib	15436421652	fb605ca630a5d51a5bd507fd88231dd1
CD4i_R1_L01-23	3	CD4i_R1L03	SRR35984007	SAMN53135087	SRS27023353	SRX31033297	CD4i_R1L03_CRI_lib	15384776424	76b3d3ec4437c66fbe12b628a39c433a
CD4i_R1_L01-23	3	CD4i_R1L03	SRR36661057	SAMN53135087	SRS27023353	SRX31033297	CD4i_R1L03_CRI_lib	13842731504	36c1eaf3c312dd0fc8208ca33cef60c1
CD4i_R1_L01-23	3	CD4i_R1L03	SRR36661058	SAMN53135087	SRS27023353	SRX31033297	CD4i_R1L03_CRI_lib	15864075592	48eaee149aabbc077efac6bda2aece6a
CD4i_R1_L01-23	3	CD4i_R1L03	SRR36661059	SAMN53135087	SRS27023353	SRX31033297	CD4i_R1L03_CRI_lib	15800921272	093ff1d617e6e89b2ce2c3d6f16a9156
CD4i_R1_L01-23	3	CD4i_R1L03	SRR36661060	SAMN53135087	SRS27023353	SRX31033297	CD4i_R1L03_CRI_lib	15089141568	4b2a500b80ad4a611dd23a9d26092540
CD4i_R1_L01-23	3	CD4i_R1L03	SRR36661061	SAMN53135087	SRS27023353	SRX31033297	CD4i_R1L03_CRI_lib	12736385968	ff7c97b52c2b08ac5c0f299038dd8e91
CD4i_R1_L01-23	3	CD4i_R1L03	SRR36661062	SAMN53135087	SRS27023353	SRX31033297	CD4i_R1L03_CRI_lib	12160347732	2aa4cdc8e7d4f8c9fa7e7cb54fb46163
CD4i_R1_L01-23	3	CD4i_R1L03	SRR36661063	SAMN53135087	SRS27023353	SRX31033297	CD4i_R1L03_CRI_lib	13133302924	e6f5a8d7fa73a51caafa63a2fbcbb42c
CD4i_R1_L01-23	3	CD4i_R1L03	SRR36661064	SAMN53135087	SRS27023353	SRX31033297	CD4i_R1L03_CRI_lib	13718240244	da9c58e7c80afefad959524035bfa515
CD4i_R1_L01-23	3	CD4i_R1L03	SRR36661065	SAMN53135087	SRS27023353	SRX31033297	CD4i_R1L03_CRI_lib	14187791439	141f78a018448c80c0f37b5aedd7b580
CD4i_R1_L01-23	4	CD4i_R1L04	SRR35984006	SAMN53135088	SRS27023354	SRX31033298	CD4i_R1L04_CRI_lib	14797328604	cd65d984d3c6895e9cc07bce6f4789bc
CD4i_R1_L01-23	4	CD4i_R1L04	SRR36661178	SAMN53135088	SRS27023354	SRX31033298	CD4i_R1L04_CRI_lib	13265823672	07e8ce680f6678f3463994a96956e001
CD4i_R1_L01-23	4	CD4i_R1L04	SRR36661179	SAMN53135088	SRS27023354	SRX31033298	CD4i_R1L04_CRI_lib	15125013628	c9bd67ca1fe73de52c0cddc1db41e40c
CD4i_R1_L01-23	4	CD4i_R1L04	SRR36661180	SAMN53135088	SRS27023354	SRX31033298	CD4i_R1L04_CRI_lib	15040878412	c85d0bf52571f9e9c796e9a770982066
CD4i_R1_L01-23	4	CD4i_R1L04	SRR36661181	SAMN53135088	SRS27023354	SRX31033298	CD4i_R1L04_CRI_lib	14538157620	b54c7dd6354234667b2e05efc4aa2ba9
CD4i_R1_L01-23	4	CD4i_R1L04	SRR36661182	SAMN53135088	SRS27023354	SRX31033298	CD4i_R1L04_CRI_lib	12291180892	5d796929e69037045eae9b956e92f7d1
CD4i_R1_L01-23	4	CD4i_R1L04	SRR36661183	SAMN53135088	SRS27023354	SRX31033298	CD4i_R1L04_CRI_lib	10040414746	a048de45dc70f75bd21e6c6b97cde490
CD4i_R1_L01-23	4	CD4i_R1L04	SRR36661184	SAMN53135088	SRS27023354	SRX31033298	CD4i_R1L04_CRI_lib	10756876863	53819e3d9f34207eb2a7972a40c022ed
CD4i_R1_L01-23	4	CD4i_R1L04	SRR36661185	SAMN53135088	SRS27023354	SRX31033298	CD4i_R1L04_CRI_lib	13240351568	df896013f59c5250759b6bd4cec11824
CD4i_R1_L01-23	4	CD4i_R1L04	SRR36661186	SAMN53135088	SRS27023354	SRX31033298	CD4i_R1L04_CRI_lib	15416090472	febc4a8710b007374e130c0b8ba23c40
CD4i_R1_L01-23	5	CD4i_R1L05	SRR35984005	SAMN53135089	SRS27023355	SRX31033299	CD4i_R1L05_CRI_lib	14477735536	f7cce957958196e5d286157161735156
CD4i_R1_L01-23	5	CD4i_R1L05	SRR36661203	SAMN53135089	SRS27023355	SRX31033299	CD4i_R1L05_CRI_lib	12839551940	829843d71881aa228bff7df0dd05666d
CD4i_R1_L01-23	5	CD4i_R1L05	SRR36661204	SAMN53135089	SRS27023355	SRX31033299	CD4i_R1L05_CRI_lib	14627954884	9ec983373417a050fe007237219cdd55
CD4i_R1_L01-23	5	CD4i_R1L05	SRR36661205	SAMN53135089	SRS27023355	SRX31033299	CD4i_R1L05_CRI_lib	14573450032	741ce8be5dc1ccd3aab98277c608637a
CD4i_R1_L01-23	5	CD4i_R1L05	SRR36661206	SAMN53135089	SRS27023355	SRX31033299	CD4i_R1L05_CRI_lib	14194870932	86b46985545bf0bc9868cbdfc379762f
CD4i_R1_L01-23	5	CD4i_R1L05	SRR36661207	SAMN53135089	SRS27023355	SRX31033299	CD4i_R1L05_CRI_lib	11990189728	4b407f5e3918522b1262f1bde0c776ae
CD4i_R1_L01-23	5	CD4i_R1L05	SRR36661208	SAMN53135089	SRS27023355	SRX31033299	CD4i_R1L05_CRI_lib	11454005128	4b53f11b9d19eb59a8df93bee5c03e72
CD4i_R1_L01-23	5	CD4i_R1L05	SRR36661209	SAMN53135089	SRS27023355	SRX31033299	CD4i_R1L05_CRI_lib	12172967556	545af5debf0dbe3245f800bd53721607
CD4i_R1_L01-23	5	CD4i_R1L05	SRR36661210	SAMN53135089	SRS27023355	SRX31033299	CD4i_R1L05_CRI_lib	12927344712	91ef53c48b837f7ccce790aaaf99ecc6
CD4i_R1_L01-23	5	CD4i_R1L05	SRR36661211	SAMN53135089	SRS27023355	SRX31033299	CD4i_R1L05_CRI_lib	13084441612	8e8cec922c75fcecb25ecb5b49dd072c
CD4i_R1_L01-23	6	CD4i_R1L06	SRR36713846	SAMN54497564	SRS27689991	SRX31721209	CD4i_R1L06_CRI.10_lib	14465447276	1f9c714c2cad3356917232ce08e57edd
CD4i_R1_L01-23	6	CD4i_R1L06	SRR36713852	SAMN54497564	SRS27689991	SRX31721203	CD4i_R1L06_CRI.8_lib	10016294253	9e5f458e76db07fb1f326ffa4c8aee4b
CD4i_R1_L01-23	6	CD4i_R1L06	SRR36713858	SAMN54497564	SRS27689991	SRX31721197	CD4i_R1L06_CRI.6_lib	9721293802	b6009dfffe071bbf35a1ca34f577683a
CD4i_R1_L01-23	6	CD4i_R1L06	SRR36713864	SAMN54497564	SRS27689991	SRX31721191	CD4i_R1L06_CRI.4_lib	12092932153	435bb68a3b361b9ea3b85adee208dead
CD4i_R1_L01-23	6	CD4i_R1L06	SRR36713919	SAMN54497564	SRS27689991	SRX31721248	CD4i_R1L06_CRI.3_lib	12035491300	92a91be937b6e87730f29deb802d70ee
CD4i_R1_L01-23	6	CD4i_R1L06	SRR36713951	SAMN54497564	SRS27689991	SRX31721330	CD4i_R1L06_CRI.9_lib	12331793672	d2723cf7790771196d81d3ff5a99f7d4
CD4i_R1_L01-23	6	CD4i_R1L06	SRR36713957	SAMN54497564	SRS27689991	SRX31721324	CD4i_R1L06_CRI.7_lib	9360304587	fb7f497dffa3cca79d39f089309d0777
CD4i_R1_L01-23	6	CD4i_R1L06	SRR36713963	SAMN54497564	SRS27689991	SRX31721318	CD4i_R1L06_CRI.5_lib	13572326420	2ed7d248de6bee32f2789775aedc18db
CD4i_R1_L01-23	6	CD4i_R1L06	SRR36714003	SAMN54497564	SRS27689991	SRX31721280	CD4i_R1L06_CRI.1_lib	13823079936	cba294e298a1d17e80ba227a6167e92d
CD4i_R1_L01-23	6	CD4i_R1L06	SRR36714004	SAMN54497564	SRS27689991	SRX31721281	CD4i_R1L06_CRI.2_lib	10549475855	736d93b7a9b9ad374d7176b8e2250cb2
CD4i_R1_L01-23	7	CD4i_R1L07	SRR36713886	SAMN54497565	SRS27689999	SRX31721211	CD4i_R1L07_CRI.4_lib	11324738975	373f9f597cf5c5acc26cafe570461350
CD4i_R1_L01-23	7	CD4i_R1L07	SRR36713893	SAMN54497565	SRS27689999	SRX31721275	CD4i_R1L07_CRI.2_lib	9948363617	5073ef08790594fded6e3f9b64f279ae
CD4i_R1_L01-23	7	CD4i_R1L07	SRR36713925	SAMN54497565	SRS27689999	SRX31721242	CD4i_R1L07_CRI.9_lib	10219026019	25084a18492dad219031a0041006706b
CD4i_R1_L01-23	7	CD4i_R1L07	SRR36713931	SAMN54497565	SRS27689999	SRX31721236	CD4i_R1L07_CRI.7_lib	8855907906	9e886971fc7ce2e02bdc8249e9556380
CD4i_R1_L01-23	7	CD4i_R1L07	SRR36713988	SAMN54497565	SRS27689999	SRX31721230	CD4i_R1L07_CRI.5_lib	10800237918	ea276c7e15f80a4b397dcfad15fb1604
CD4i_R1_L01-23	7	CD4i_R1L07	SRR36713993	SAMN54497565	SRS27689999	SRX31721288	CD4i_R1L07_CRI.3_lib	11278636684	57d56f501ffd9af0a32b1c8dda820ad8
CD4i_R1_L01-23	7	CD4i_R1L07	SRR36714001	SAMN54497565	SRS27689999	SRX31721282	CD4i_R1L07_CRI.1_lib	11138915506	0a18f50585d7e15c9a8f509c44a35a36
CD4i_R1_L01-23	7	CD4i_R1L07	SRR36714005	SAMN54497565	SRS27689999	SRX31721377	CD4i_R1L07_CRI.6_lib	9187116606	f382ddf6a958ff782751bbf75d96220e
CD4i_R1_L01-23	7	CD4i_R1L07	SRR36714035	SAMN54497565	SRS27689999	SRX31721348	CD4i_R1L07_CRI.10_lib	11819758734	e67106d4b93b124164fb798f894eb413
CD4i_R1_L01-23	7	CD4i_R1L07	SRR36714041	SAMN54497565	SRS27689999	SRX31721342	CD4i_R1L07_CRI.8_lib	9463191143	1eaa618ad377dc6757879fb1d327926b
CD4i_R1_L01-23	8	CD4i_R1L08	SRR36713863	SAMN54497566	SRS27689989	SRX31721190	CD4i_R1L08_CRI.10_lib	10374424793	1a88a168876e6beb03190bfac517f139
CD4i_R1_L01-23	8	CD4i_R1L08	SRR36713910	SAMN54497566	SRS27689989	SRX31721255	CD4i_R1L08_CRI.8_lib	9728432416	5c55bc53db4fa423cbe281536c56c087
CD4i_R1_L01-23	8	CD4i_R1L08	SRR36713911	SAMN54497566	SRS27689989	SRX31721256	CD4i_R1L08_CRI.9_lib	9042527310	876bd28cbe5947521a11a7d16ebbf191
CD4i_R1_L01-23	8	CD4i_R1L08	SRR36713912	SAMN54497566	SRS27689989	SRX31721253	CD4i_R1L08_CRI.6_lib	9540691312	93f77e17d0c35548e8be2ad2ac22eaa0
CD4i_R1_L01-23	8	CD4i_R1L08	SRR36713913	SAMN54497566	SRS27689989	SRX31721254	CD4i_R1L08_CRI.7_lib	9133549824	6fc1da0c14c51eaac2590a4718e36e2f
CD4i_R1_L01-23	8	CD4i_R1L08	SRR36713914	SAMN54497566	SRS27689989	SRX31721316	CD4i_R1L08_CRI.4_lib	9943691876	3dd5f0616bec8a5ef17bff520ed47236
CD4i_R1_L01-23	8	CD4i_R1L08	SRR36713915	SAMN54497566	SRS27689989	SRX31721252	CD4i_R1L08_CRI.5_lib	9496748614	1a605468a74048c39ff2fedb81a124db
CD4i_R1_L01-23	8	CD4i_R1L08	SRR36713916	SAMN54497566	SRS27689989	SRX31721249	CD4i_R1L08_CRI.1_lib	9815489093	8cfd7151bef020a1ee425a02339d0720
CD4i_R1_L01-23	8	CD4i_R1L08	SRR36713968	SAMN54497566	SRS27689989	SRX31721315	CD4i_R1L08_CRI.3_lib	9893552126	d943f7febe01a2dc5126c0df0248ce73
CD4i_R1_L01-23	8	CD4i_R1L08	SRR36714030	SAMN54497566	SRS27689989	SRX31721355	CD4i_R1L08_CRI.2_lib	10262093264	70dfc0713975e09182f507003df82ef2
CD4i_R1_L01-23	9	CD4i_R1L09	SRR36713859	SAMN54497567	SRS27689990	SRX31721194	CD4i_R1L09_CRI.3_lib	10408824548	18b1de3e2ede974e3bc2d8a7a20102b3
CD4i_R1_L01-23	9	CD4i_R1L09	SRR36713860	SAMN54497567	SRS27689990	SRX31721357	CD4i_R1L09_CRI.4_lib	9332328993	372214f546296a7f1960d02fa1a3bda6
CD4i_R1_L01-23	9	CD4i_R1L09	SRR36713861	SAMN54497567	SRS27689990	SRX31721192	CD4i_R1L09_CRI.1_lib	11626510529	6e3e2fa01f7ae96b43421ea84835d3a5
CD4i_R1_L01-23	9	CD4i_R1L09	SRR36713862	SAMN54497567	SRS27689990	SRX31721193	CD4i_R1L09_CRI.2_lib	11084922735	918aa5775c480ca6d686a208067dfa75
CD4i_R1_L01-23	9	CD4i_R1L09	SRR36713965	SAMN54497567	SRS27689990	SRX31721362	CD4i_R1L09_CRI.9_lib	10477572172	dd74d0c766b1ea55c8d40cc9f78c25a0
CD4i_R1_L01-23	9	CD4i_R1L09	SRR36713966	SAMN54497567	SRS27689990	SRX31721317	CD4i_R1L09_CRI.10_lib	11400836846	e8af2ca3a19f657d8c6c817832f1e103
CD4i_R1_L01-23	9	CD4i_R1L09	SRR36714023	SAMN54497567	SRS27689990	SRX31721360	CD4i_R1L09_CRI.7_lib	10397400278	ce79b0c88d15325f1c8782fa4a28d35e
CD4i_R1_L01-23	9	CD4i_R1L09	SRR36714024	SAMN54497567	SRS27689990	SRX31721361	CD4i_R1L09_CRI.8_lib	9920195772	e6449af8d9f862195e6246273a8b5c5e
CD4i_R1_L01-23	9	CD4i_R1L09	SRR36714025	SAMN54497567	SRS27689990	SRX31721358	CD4i_R1L09_CRI.5_lib	10171794781	89bf2d4276b66dd75a10127fcb190b8d
CD4i_R1_L01-23	9	CD4i_R1L09	SRR36714026	SAMN54497567	SRS27689990	SRX31721359	CD4i_R1L09_CRI.6_lib	8639205842	e872194094b96e415f29b0e7ae0cf7e5
CD4i_R1_L01-23	10	CD4i_R1L10	SRR36713857	SAMN54497568	SRS27689992	SRX31721196	CD4i_R1L10_CRI.10_lib	12202574018	a6777adc66458788f8c9f76037a2244a
CD4i_R1_L01-23	10	CD4i_R1L10	SRR36713904	SAMN54497568	SRS27689992	SRX31721261	CD4i_R1L10_CRI.8_lib	10634857108	bfdf24119d7665a8b4fd6ffc3e8c9e6c
CD4i_R1_L01-23	10	CD4i_R1L10	SRR36713905	SAMN54497568	SRS27689992	SRX31721195	CD4i_R1L10_CRI.9_lib	11265276756	e31e61a2b0494dd2485b912ee447da65
CD4i_R1_L01-23	10	CD4i_R1L10	SRR36713906	SAMN54497568	SRS27689992	SRX31721259	CD4i_R1L10_CRI.6_lib	9264411406	66c70e91c97a7b54653a121daee4e899
CD4i_R1_L01-23	10	CD4i_R1L10	SRR36713907	SAMN54497568	SRS27689992	SRX31721260	CD4i_R1L10_CRI.7_lib	11130821128	a6fa3db4bae6862d26caf5b8a08f78c6
CD4i_R1_L01-23	10	CD4i_R1L10	SRR36713908	SAMN54497568	SRS27689992	SRX31721257	CD4i_R1L10_CRI.4_lib	9978707613	1c1783e211a9206df35f39a521150f6d
CD4i_R1_L01-23	10	CD4i_R1L10	SRR36713909	SAMN54497568	SRS27689992	SRX31721258	CD4i_R1L10_CRI.5_lib	10889068304	1a3731b9a1368b538138862d159d09f1
CD4i_R1_L01-23	10	CD4i_R1L10	SRR36713961	SAMN54497568	SRS27689992	SRX31721320	CD4i_R1L10_CRI.2_lib	11879056563	d551328c206a0f3b0341ab888df76e7d
CD4i_R1_L01-23	10	CD4i_R1L10	SRR36713962	SAMN54497568	SRS27689992	SRX31721321	CD4i_R1L10_CRI.3_lib	9587766076	dd318bb91acff9aec657c6c76b324e07
CD4i_R1_L01-23	10	CD4i_R1L10	SRR36713964	SAMN54497568	SRS27689992	SRX31721319	CD4i_R1L10_CRI.1_lib	12496658919	0d97c774e78b76a9453e09c4fe64a4dd
CD4i_R1_L01-23	11	CD4i_R1L11	SRR36713855	SAMN54497569	SRS27689993	SRX31721198	CD4i_R1L11_CRI.1_lib	15222998616	97b9fa2504cb78ba0d7d8e80ddb6fb57
CD4i_R1_L01-23	11	CD4i_R1L11	SRR36713856	SAMN54497569	SRS27689993	SRX31721199	CD4i_R1L11_CRI.2_lib	14560821511	69390a8db7ce220da471188c41149c38
CD4i_R1_L01-23	11	CD4i_R1L11	SRR36713959	SAMN54497569	SRS27689993	SRX31721322	CD4i_R1L11_CRI.9_lib	13777246586	cc423367d5accccbf56f5564003c3a5d
CD4i_R1_L01-23	11	CD4i_R1L11	SRR36713960	SAMN54497569	SRS27689993	SRX31721323	CD4i_R1L11_CRI.10_lib	14958239711	d28d380029a6f19044632ab21473e9eb
CD4i_R1_L01-23	11	CD4i_R1L11	SRR36714017	SAMN54497569	SRS27689993	SRX31721366	CD4i_R1L11_CRI.7_lib	13606452278	b40242d4d08f343855ee30d783073cf9
CD4i_R1_L01-23	11	CD4i_R1L11	SRR36714018	SAMN54497569	SRS27689993	SRX31721367	CD4i_R1L11_CRI.8_lib	13010349638	c6b1356481aae0b038179b7e42e86ff2
CD4i_R1_L01-23	11	CD4i_R1L11	SRR36714019	SAMN54497569	SRS27689993	SRX31721364	CD4i_R1L11_CRI.5_lib	13311053971	d9d25725effdef3eead83bf4733eb354
CD4i_R1_L01-23	11	CD4i_R1L11	SRR36714020	SAMN54497569	SRS27689993	SRX31721365	CD4i_R1L11_CRI.6_lib	11328413103	6daf4fde823fd42c0566cae028dedf8c
CD4i_R1_L01-23	11	CD4i_R1L11	SRR36714021	SAMN54497569	SRS27689993	SRX31721200	CD4i_R1L11_CRI.3_lib	11688068100	8919248225a4eb4e83ef94ead20f5556
CD4i_R1_L01-23	11	CD4i_R1L11	SRR36714022	SAMN54497569	SRS27689993	SRX31721363	CD4i_R1L11_CRI.4_lib	12185279681	d2e4e0d01b5ef6063caf6a40f76ff79a
CD4i_R1_L01-23	12	CD4i_R1L12	SRR36713851	SAMN54497570	SRS27689994	SRX31721202	CD4i_R1L12_CRI.10_lib	13267909165	1e1310d7c061af26ffd9c503814ea03e
CD4i_R1_L01-23	12	CD4i_R1L12	SRR36713853	SAMN54497570	SRS27689994	SRX31721267	CD4i_R1L12_CRI.8_lib	11545578145	d60da289c0449cb7be98bf743850543c
CD4i_R1_L01-23	12	CD4i_R1L12	SRR36713854	SAMN54497570	SRS27689994	SRX31721201	CD4i_R1L12_CRI.9_lib	12222394290	31fb024e364139959d382f29df2bee80
CD4i_R1_L01-23	12	CD4i_R1L12	SRR36713900	SAMN54497570	SRS27689994	SRX31721265	CD4i_R1L12_CRI.6_lib	10047186536	70c950bbd3b4fc199d9fe0beebf21bf4
CD4i_R1_L01-23	12	CD4i_R1L12	SRR36713901	SAMN54497570	SRS27689994	SRX31721266	CD4i_R1L12_CRI.7_lib	12114612839	8b2f1f10f87a49c827248f1bbc3e80c5
CD4i_R1_L01-23	12	CD4i_R1L12	SRR36713902	SAMN54497570	SRS27689994	SRX31721263	CD4i_R1L12_CRI.4_lib	10874550109	37cb12f0b363ca2a75d3999deef51ca8
CD4i_R1_L01-23	12	CD4i_R1L12	SRR36713903	SAMN54497570	SRS27689994	SRX31721264	CD4i_R1L12_CRI.5_lib	11817059981	e7767dfe0b0d2daaa62d61c2d269f8bc
CD4i_R1_L01-23	12	CD4i_R1L12	SRR36713955	SAMN54497570	SRS27689994	SRX31721326	CD4i_R1L12_CRI.2_lib	12896881112	232d3e5238b0af1d96ed54b92287158b
CD4i_R1_L01-23	12	CD4i_R1L12	SRR36713956	SAMN54497570	SRS27689994	SRX31721262	CD4i_R1L12_CRI.3_lib	10387509656	91443faea1e1749ea59071f2dcdbcd13
CD4i_R1_L01-23	12	CD4i_R1L12	SRR36713958	SAMN54497570	SRS27689994	SRX31721325	CD4i_R1L12_CRI.1_lib	13626920084	05001bbcd85edb0c06849d28145ffbb7
CD4i_R1_L01-23	13	CD4i_R1L13	SRR36713849	SAMN54497571	SRS27689995	SRX31721204	CD4i_R1L13_CRI.1_lib	16821878342	eda810819a1585362d186b92966dc178
CD4i_R1_L01-23	13	CD4i_R1L13	SRR36713850	SAMN54497571	SRS27689995	SRX31721205	CD4i_R1L13_CRI.2_lib	15639890116	cbd18e0c0ea11f7f702ffebbf7d4b6a6
CD4i_R1_L01-23	13	CD4i_R1L13	SRR36713953	SAMN54497571	SRS27689995	SRX31721328	CD4i_R1L13_CRI.9_lib	17413073404	05138b9432da5657cf10003087aff1b5
CD4i_R1_L01-23	13	CD4i_R1L13	SRR36713954	SAMN54497571	SRS27689995	SRX31721329	CD4i_R1L13_CRI.10_lib	16119387090	fd633012048cad4b87e27b284778678e
CD4i_R1_L01-23	13	CD4i_R1L13	SRR36714011	SAMN54497571	SRS27689995	SRX31721372	CD4i_R1L13_CRI.7_lib	14834105198	3834a58340bde3ffcb946c07b9672ef7
CD4i_R1_L01-23	13	CD4i_R1L13	SRR36714012	SAMN54497571	SRS27689995	SRX31721327	CD4i_R1L13_CRI.8_lib	13929546166	5f0c01a2d39c3fe504c8f709a6c4b46b
CD4i_R1_L01-23	13	CD4i_R1L13	SRR36714013	SAMN54497571	SRS27689995	SRX31721370	CD4i_R1L13_CRI.5_lib	14404127616	166ee3a3b0fd3ec994abf75ec92b3c01
CD4i_R1_L01-23	13	CD4i_R1L13	SRR36714014	SAMN54497571	SRS27689995	SRX31721371	CD4i_R1L13_CRI.6_lib	12161088863	697ed4fe8283df513bbd973368c1ee85
CD4i_R1_L01-23	13	CD4i_R1L13	SRR36714015	SAMN54497571	SRS27689995	SRX31721368	CD4i_R1L13_CRI.3_lib	14673208592	4c18763befd5a75a1ae574d94a762a43
CD4i_R1_L01-23	13	CD4i_R1L13	SRR36714016	SAMN54497571	SRS27689995	SRX31721369	CD4i_R1L13_CRI.4_lib	13267846340	6ed57f6b973fc9b8125cf6c8d2a1c303
CD4i_R1_L01-23	14	CD4i_R1L14	SRR36713845	SAMN54497572	SRS27689996	SRX31721208	CD4i_R1L14_CRI.10_lib	13437428948	e1a49ae0ee60ee1968980672534daafa
CD4i_R1_L01-23	14	CD4i_R1L14	SRR36713847	SAMN54497572	SRS27689996	SRX31721206	CD4i_R1L14_CRI.8_lib	11659891456	2f923ba62ccdff2bf66824b9cd7322a7
CD4i_R1_L01-23	14	CD4i_R1L14	SRR36713848	SAMN54497572	SRS27689996	SRX31721207	CD4i_R1L14_CRI.9_lib	12384450599	eb6eaa877e4dc50aee63d96c3cc6436c
CD4i_R1_L01-23	14	CD4i_R1L14	SRR36713894	SAMN54497572	SRS27689996	SRX31721271	CD4i_R1L14_CRI.6_lib	10170322098	fa3f7dbd9933b5e07d58542b4df2a058
CD4i_R1_L01-23	14	CD4i_R1L14	SRR36713895	SAMN54497572	SRS27689996	SRX31721272	CD4i_R1L14_CRI.7_lib	12242668359	d250c13856417f512788bf1c702d8e80
CD4i_R1_L01-23	14	CD4i_R1L14	SRR36713896	SAMN54497572	SRS27689996	SRX31721269	CD4i_R1L14_CRI.4_lib	10999050873	022785ca477cb46cc42f2969505123f3
CD4i_R1_L01-23	14	CD4i_R1L14	SRR36713897	SAMN54497572	SRS27689996	SRX31721270	CD4i_R1L14_CRI.5_lib	11963753526	33673f8c3557a29a35f25537cf89fea6
CD4i_R1_L01-23	14	CD4i_R1L14	SRR36713898	SAMN54497572	SRS27689996	SRX31721332	CD4i_R1L14_CRI.2_lib	13049472742	38c44dd6b621be8133d80d870e2169f6
CD4i_R1_L01-23	14	CD4i_R1L14	SRR36713899	SAMN54497572	SRS27689996	SRX31721268	CD4i_R1L14_CRI.3_lib	10534809349	d0550b3bf83f31e8c93f4632d4925d4c
CD4i_R1_L01-23	14	CD4i_R1L14	SRR36713952	SAMN54497572	SRS27689996	SRX31721331	CD4i_R1L14_CRI.1_lib	13750628288	1950bcf445b0d223ff2e6d4d0fb13523
CD4i_R1_L01-23	15	CD4i_R1L15	SRR36713842	SAMN54497573	SRS27689997	SRX31721210	CD4i_R1L15_CRI.1_lib	11797750383	8adc33008a9722a237d20085f2975abe
CD4i_R1_L01-23	15	CD4i_R1L15	SRR36713843	SAMN54497573	SRS27689997	SRX31721373	CD4i_R1L15_CRI.2_lib	11203891587	23475e8393374414588d2b2806def03d
CD4i_R1_L01-23	15	CD4i_R1L15	SRR36713947	SAMN54497573	SRS27689997	SRX31721334	CD4i_R1L15_CRI.9_lib	10610456339	6c8896e555aa2f872421382e9f56d9ea
CD4i_R1_L01-23	15	CD4i_R1L15	SRR36713948	SAMN54497573	SRS27689997	SRX31721335	CD4i_R1L15_CRI.10_lib	11541770651	d5dbb3a00357785e878af36575e3ccd1
CD4i_R1_L01-23	15	CD4i_R1L15	SRR36713949	SAMN54497573	SRS27689997	SRX31721379	CD4i_R1L15_CRI.7_lib	10474018292	972237bfc7d86cc50c9b620ab87b8e7e
CD4i_R1_L01-23	15	CD4i_R1L15	SRR36713950	SAMN54497573	SRS27689997	SRX31721333	CD4i_R1L15_CRI.8_lib	9982744906	c7db2eda5e1c9e620082870052547513
CD4i_R1_L01-23	15	CD4i_R1L15	SRR36714007	SAMN54497573	SRS27689997	SRX31721376	CD4i_R1L15_CRI.5_lib	10317385594	9134487cbea3b6d8b9ea1a72728a108c
CD4i_R1_L01-23	15	CD4i_R1L15	SRR36714008	SAMN54497573	SRS27689997	SRX31721378	CD4i_R1L15_CRI.6_lib	8720328252	b14a1592aae6d9040d09b436178efb93
CD4i_R1_L01-23	15	CD4i_R1L15	SRR36714009	SAMN54497573	SRS27689997	SRX31721374	CD4i_R1L15_CRI.3_lib	9042992056	7350795dab5e09a28b24f82e2beeca77
CD4i_R1_L01-23	15	CD4i_R1L15	SRR36714010	SAMN54497573	SRS27689997	SRX31721375	CD4i_R1L15_CRI.4_lib	9402321829	4814cbeb17d81f8d369b5f47ed819980
CD4i_R1_L01-23	16	CD4i_R1L16	SRR36713892	SAMN54497574	SRS27690000	SRX31721274	CD4i_R1L16_CRI.10_lib	10536018800	906b7ee5ca025832b1156aabc86237fe
CD4i_R1_L01-23	16	CD4i_R1L16	SRR36713941	SAMN54497574	SRS27690000	SRX31721224	CD4i_R1L16_CRI.8_lib	9138475631	15153417b34fafd194e39ce0e032859a
CD4i_R1_L01-23	16	CD4i_R1L16	SRR36713942	SAMN54497574	SRS27690000	SRX31721273	CD4i_R1L16_CRI.9_lib	9703841730	b71d0a0a703d6fc81d17b3b2e1b3a24f
CD4i_R1_L01-23	16	CD4i_R1L16	SRR36713943	SAMN54497574	SRS27690000	SRX31721222	CD4i_R1L16_CRI.6_lib	9353934220	10fd20a507ccc5fd61f6abf676f20773
CD4i_R1_L01-23	16	CD4i_R1L16	SRR36713944	SAMN54497574	SRS27690000	SRX31721223	CD4i_R1L16_CRI.7_lib	9566335115	119c7fcd1cbb5a484f70dbadda336b5d
CD4i_R1_L01-23	16	CD4i_R1L16	SRR36713945	SAMN54497574	SRS27690000	SRX31721221	CD4i_R1L16_CRI.4_lib	8603678383	943949922bdde5fee1f666d753c771df
CD4i_R1_L01-23	16	CD4i_R1L16	SRR36713946	SAMN54497574	SRS27690000	SRX31721279	CD4i_R1L16_CRI.5_lib	9357168614	eca4e2eddac044b26fb38db9d489e4ec
CD4i_R1_L01-23	16	CD4i_R1L16	SRR36713997	SAMN54497574	SRS27690000	SRX31721284	CD4i_R1L16_CRI.2_lib	10210901753	c30b38a870e6ab56c235564c217c50f8
CD4i_R1_L01-23	16	CD4i_R1L16	SRR36713998	SAMN54497574	SRS27690000	SRX31721336	CD4i_R1L16_CRI.3_lib	9674361148	026305ecd4c8bb9356904662a595571a
CD4i_R1_L01-23	16	CD4i_R1L16	SRR36714002	SAMN54497574	SRS27690000	SRX31721283	CD4i_R1L16_CRI.1_lib	10654481032	a945ba01ff4ec026b42ce3f94ea57799
CD4i_R1_L01-23	17	CD4i_R1L17	SRR36713837	SAMN54497575	SRS27689998	SRX31721214	CD4i_R1L17_CRI.6_lib	13751225316	84238e9da96bdf4ef86a993effe1cfbc
CD4i_R1_L01-23	17	CD4i_R1L17	SRR36713838	SAMN54497575	SRS27689998	SRX31721213	CD4i_R1L17_CRI.5_lib	12819811048	e15d897bc888dbb02c90c7cf91d08f09
CD4i_R1_L01-23	17	CD4i_R1L17	SRR36713839	SAMN54497575	SRS27689998	SRX31721212	CD4i_R1L17_CRI.4_lib	10239235247	a1829ae259599a3389472c524a7f551d
CD4i_R1_L01-23	17	CD4i_R1L17	SRR36713844	SAMN54497575	SRS27689998	SRX31721278	CD4i_R1L17_CRI.3_lib	11119772847	099e28a3320f645f133448ff252d9c40
CD4i_R1_L01-23	17	CD4i_R1L17	SRR36713890	SAMN54497575	SRS27689998	SRX31721276	CD4i_R1L17_CRI.1_lib	13213724019	d9323d69b5338594ca8de97f653d7a6f
CD4i_R1_L01-23	17	CD4i_R1L17	SRR36713891	SAMN54497575	SRS27689998	SRX31721277	CD4i_R1L17_CRI.2_lib	14057491285	515495b60ac01904f7edbe015aac3ddc
CD4i_R1_L01-23	17	CD4i_R1L17	SRR36713995	SAMN54497575	SRS27689998	SRX31721286	CD4i_R1L17_CRI.9_lib	12661716273	abf652dd954130a7fa6f2b8162172ad6
CD4i_R1_L01-23	17	CD4i_R1L17	SRR36713999	SAMN54497575	SRS27689998	SRX31721215	CD4i_R1L17_CRI.7_lib	12465000075	37d6d87fc031dc624083643b68fabcdc
CD4i_R1_L01-23	17	CD4i_R1L17	SRR36714000	SAMN54497575	SRS27689998	SRX31721285	CD4i_R1L17_CRI.8_lib	13291558698	353ce829c47981a2dc31c3e585c7f950
CD4i_R1_L01-23	18	CD4i_R1L18	SRR36713887	SAMN54497576	SRS27689973	SRX31721166	CD4i_R1L18_CRI.9_lib	13806854150	d25b42f880a829840bd73ab660778832
CD4i_R1_L01-23	18	CD4i_R1L18	SRR36713889	SAMN54497576	SRS27689973	SRX31721165	CD4i_R1L18_CRI.8_lib	14464189791	1180ffab6a82985be319d23832ec4c4a
CD4i_R1_L01-23	18	CD4i_R1L18	SRR36713936	SAMN54497576	SRS27689973	SRX31721228	CD4i_R1L18_CRI.6_lib	14963256831	9e1843f83fd76e160df723b727b2ab57
CD4i_R1_L01-23	18	CD4i_R1L18	SRR36713937	SAMN54497576	SRS27689973	SRX31721229	CD4i_R1L18_CRI.7_lib	13625276757	b9e8ed0a4e77391dd34719955d315839
CD4i_R1_L01-23	18	CD4i_R1L18	SRR36713938	SAMN54497576	SRS27689973	SRX31721226	CD4i_R1L18_CRI.4_lib	11231884589	5313f23e8e70863cab2d51ae2d33b258
CD4i_R1_L01-23	18	CD4i_R1L18	SRR36713939	SAMN54497576	SRS27689973	SRX31721227	CD4i_R1L18_CRI.5_lib	14020868409	e9b834e1d7e3af3571bf45cb75bc590b
CD4i_R1_L01-23	18	CD4i_R1L18	SRR36713940	SAMN54497576	SRS27689973	SRX31721225	CD4i_R1L18_CRI.3_lib	12176224738	5b076d520c1aebc61d627c0722dcebc2
CD4i_R1_L01-23	18	CD4i_R1L18	SRR36713994	SAMN54497576	SRS27689973	SRX31721289	CD4i_R1L18_CRI.2_lib	15325646464	cdd42a52dc7ca868280acc70faf6cfbc
CD4i_R1_L01-23	18	CD4i_R1L18	SRR36713996	SAMN54497576	SRS27689973	SRX31721287	CD4i_R1L18_CRI.1_lib	14452895126	fd7d09de00bcaa80460c0c41a2359a16
CD4i_R1_L01-23	19	CD4i_R1L19	SRR36713832	SAMN54497577	SRS27689974	SRX31721220	CD4i_R1L19_CRI.7_lib	13252084651	051dd658ea1a1c3d109ac91952346317
CD4i_R1_L01-23	19	CD4i_R1L19	SRR36713833	SAMN54497577	SRS27689974	SRX31721218	CD4i_R1L19_CRI.5_lib	13774780304	0c45b1dcde9592d4256ef448a02308c3
CD4i_R1_L01-23	19	CD4i_R1L19	SRR36713834	SAMN54497577	SRS27689974	SRX31721219	CD4i_R1L19_CRI.6_lib	14457849667	95549b3c0541b374dba62f26ae613772
CD4i_R1_L01-23	19	CD4i_R1L19	SRR36713835	SAMN54497577	SRS27689974	SRX31721216	CD4i_R1L19_CRI.3_lib	11991220409	dec1e7a3dacf71136d7cf5367b63c7af
CD4i_R1_L01-23	19	CD4i_R1L19	SRR36713836	SAMN54497577	SRS27689974	SRX31721217	CD4i_R1L19_CRI.4_lib	11052673751	5b03984f1572d7ea2db4394d25b7f315
CD4i_R1_L01-23	19	CD4i_R1L19	SRR36713885	SAMN54497577	SRS27689974	SRX31721168	CD4i_R1L19_CRI.2_lib	14872221021	6573c188f15979c01ac3bdc8813fb5aa
CD4i_R1_L01-23	19	CD4i_R1L19	SRR36713888	SAMN54497577	SRS27689974	SRX31721167	CD4i_R1L19_CRI.1_lib	14228833049	c13f078c5a0b764be97482ad13e52293
CD4i_R1_L01-23	19	CD4i_R1L19	SRR36713991	SAMN54497577	SRS27689974	SRX31721290	CD4i_R1L19_CRI.8_lib	13899211853	bed750266da51e2ac09a94a5b29e86da
CD4i_R1_L01-23	19	CD4i_R1L19	SRR36713992	SAMN54497577	SRS27689974	SRX31721291	CD4i_R1L19_CRI.9_lib	13496386797	fdcb31f1d8be50551061d66ad68a5628
CD4i_R1_L01-23	20	CD4i_R1L20	SRR36713840	SAMN54497578	SRS27689975	SRX31721235	CD4i_R1L20_CRI.8_lib	14273393887	23121fdf65d88d1059317f1da6895992
CD4i_R1_L01-23	20	CD4i_R1L20	SRR36713841	SAMN54497578	SRS27689975	SRX31721169	CD4i_R1L20_CRI.9_lib	13499530942	308e1b970b82925c8affee5d5246c1ab
CD4i_R1_L01-23	20	CD4i_R1L20	SRR36713932	SAMN54497578	SRS27689975	SRX31721233	CD4i_R1L20_CRI.6_lib	14827952056	fdcc4f710347e0532cd9805ffc57a7c3
CD4i_R1_L01-23	20	CD4i_R1L20	SRR36713933	SAMN54497578	SRS27689975	SRX31721234	CD4i_R1L20_CRI.7_lib	13372523952	e5eb3b8d5911637c19d1bd4ec83ae51e
CD4i_R1_L01-23	20	CD4i_R1L20	SRR36713934	SAMN54497578	SRS27689975	SRX31721231	CD4i_R1L20_CRI.4_lib	10922011378	d63dd3944ee9d7a70ff66357c3143a8a
CD4i_R1_L01-23	20	CD4i_R1L20	SRR36713935	SAMN54497578	SRS27689975	SRX31721232	CD4i_R1L20_CRI.5_lib	13668759445	7abf264be9e579a069f4390155f86926
CD4i_R1_L01-23	20	CD4i_R1L20	SRR36713987	SAMN54497578	SRS27689975	SRX31721294	CD4i_R1L20_CRI.3_lib	11911636250	89d960e24732fb2ed0e45db11899bd6f
CD4i_R1_L01-23	20	CD4i_R1L20	SRR36713989	SAMN54497578	SRS27689975	SRX31721292	CD4i_R1L20_CRI.1_lib	14137811745	1b97449fc9dac4db1f2256920f6c36a8
CD4i_R1_L01-23	20	CD4i_R1L20	SRR36713990	SAMN54497578	SRS27689975	SRX31721293	CD4i_R1L20_CRI.2_lib	15190316798	fc8c9bb7678abecde81f444efeaf61fd
CD4i_R1_L01-23	21	CD4i_R1L21	SRR36713881	SAMN54497579	SRS27689976	SRX31721172	CD4i_R1L21_CRI.3_lib	12705751691	68730d47fcd28cbaa66c93565d49dbb6
CD4i_R1_L01-23	21	CD4i_R1L21	SRR36713882	SAMN54497579	SRS27689976	SRX31721173	CD4i_R1L21_CRI.4_lib	11725245027	686b0c68f79aeaef71b87c7e11d07215
CD4i_R1_L01-23	21	CD4i_R1L21	SRR36713883	SAMN54497579	SRS27689976	SRX31721170	CD4i_R1L21_CRI.1_lib	15072570270	307877e7e5252cd0540149e38237ee83
CD4i_R1_L01-23	21	CD4i_R1L21	SRR36713884	SAMN54497579	SRS27689976	SRX31721171	CD4i_R1L21_CRI.2_lib	15846455197	ef6dc30cb6e5e46d05d0ae76b3e034b1
CD4i_R1_L01-23	21	CD4i_R1L21	SRR36714006	SAMN54497579	SRS27689976	SRX31721337	CD4i_R1L21_CRI.5_lib	14625494107	10269f4b9ca75622d01982f47830048f
CD4i_R1_L01-23	21	CD4i_R1L21	SRR36714043	SAMN54497579	SRS27689976	SRX31721340	CD4i_R1L21_CRI.8_lib	14927971239	60371039c034908014c14fb2e6b7b5d4
CD4i_R1_L01-23	21	CD4i_R1L21	SRR36714044	SAMN54497579	SRS27689976	SRX31721295	CD4i_R1L21_CRI.9_lib	14337549462	c41f6e0c71f88395693879afc1cab684
CD4i_R1_L01-23	21	CD4i_R1L21	SRR36714045	SAMN54497579	SRS27689976	SRX31721338	CD4i_R1L21_CRI.6_lib	15452638479	99b47c19e8cee58ef3d1b5329680643c
CD4i_R1_L01-23	21	CD4i_R1L21	SRR36714046	SAMN54497579	SRS27689976	SRX31721339	CD4i_R1L21_CRI.7_lib	14122183799	592936d53e2fc165510e9691296a1b36
CD4i_R1_L01-23	22	CD4i_R1L22	SRR36713926	SAMN54497580	SRS27690001	SRX31721239	CD4i_R1L22.8_CRI_lib	13778823053	5d6552c97e692eb7c2a041ed56d5f389
CD4i_R1_L01-23	22	CD4i_R1L22	SRR36713927	SAMN54497580	SRS27690001	SRX31721240	CD4i_R1L22.9_CRI_lib	13277984224	559a2dfa268cde741f8a1f5713fbe5f9
CD4i_R1_L01-23	22	CD4i_R1L22	SRR36713928	SAMN54497580	SRS27690001	SRX31721237	CD4i_R1L22.6_CRI_lib	14368839270	c4d0ae76c98fc2ca9e641ab4eab55478
CD4i_R1_L01-23	22	CD4i_R1L22	SRR36713929	SAMN54497580	SRS27690001	SRX31721238	CD4i_R1L22.7_CRI_lib	13082574718	c52a989f5a82b34bfce9e27082997856
CD4i_R1_L01-23	22	CD4i_R1L22	SRR36713930	SAMN54497580	SRS27690001	SRX31721300	CD4i_R1L22.5_CRI_lib	13526956671	c33a3954659ce6d687a1fe9adedb0264
CD4i_R1_L01-23	22	CD4i_R1L22	SRR36713983	SAMN54497580	SRS27690001	SRX31721298	CD4i_R1L22.3_CRI_lib	11774347284	abc7e0b89313e3c5e885558053731b0f
CD4i_R1_L01-23	22	CD4i_R1L22	SRR36713984	SAMN54497580	SRS27690001	SRX31721299	CD4i_R1L22.4_CRI_lib	10847118692	789239641a1a6ec91360d1fe2ddc04c0
CD4i_R1_L01-23	22	CD4i_R1L22	SRR36713985	SAMN54497580	SRS27690001	SRX31721296	CD4i_R1L22.1_CRI_lib	13978354920	c9949f1fa59dfb4ba0022b24cfc38162
CD4i_R1_L01-23	22	CD4i_R1L22	SRR36713986	SAMN54497580	SRS27690001	SRX31721297	CD4i_R1L22.2_CRI_lib	14720247587	edd5cd379d2b6e2c3c5802084be71537
CD4i_R1_L01-23	23	CD4i_R1L23	SRR36713875	SAMN54497581	SRS27689977	SRX31721178	CD4i_R1L23_CRI.5_lib	11426809113	c908a7731782b0f23478d009d84ef3a4
CD4i_R1_L01-23	23	CD4i_R1L23	SRR36713876	SAMN54497581	SRS27689977	SRX31721341	CD4i_R1L23_CRI.6_lib	12153169201	9d9c92550c5e56f424fee53976fa927c
CD4i_R1_L01-23	23	CD4i_R1L23	SRR36713877	SAMN54497581	SRS27689977	SRX31721176	CD4i_R1L23_CRI.3_lib	9923659912	b874070e1a426da0aef852df42ddba09
CD4i_R1_L01-23	23	CD4i_R1L23	SRR36713878	SAMN54497581	SRS27689977	SRX31721177	CD4i_R1L23_CRI.4_lib	9135855258	c8dae121b5854701998b4c289561335d
CD4i_R1_L01-23	23	CD4i_R1L23	SRR36713879	SAMN54497581	SRS27689977	SRX31721174	CD4i_R1L23_CRI.1_lib	11776068733	cd0570641b2d7be91cbb0b3d7bb6973a
CD4i_R1_L01-23	23	CD4i_R1L23	SRR36713880	SAMN54497581	SRS27689977	SRX31721175	CD4i_R1L23_CRI.2_lib	12420386187	4a5fb17443c7bdc5adc24265d1e23a32
CD4i_R1_L01-23	23	CD4i_R1L23	SRR36714039	SAMN54497581	SRS27689977	SRX31721344	CD4i_R1L23_CRI.8_lib	11722391465	30b97c312421477fea7aa668716d5fa7
CD4i_R1_L01-23	23	CD4i_R1L23	SRR36714040	SAMN54497581	SRS27689977	SRX31721345	CD4i_R1L23_CRI.9_lib	11205889690	b6b682cea06d5e567d1fe8207faab37a
CD4i_R1_L01-23	23	CD4i_R1L23	SRR36714042	SAMN54497581	SRS27689977	SRX31721343	CD4i_R1L23_CRI.7_lib	11043761443	63773dff84bb3fc76a9121cd38d8d669
CD4i_R2_L01-24	1	CD4i_R2L01	SRR36713981	SAMN54497582	SRS27690024	SRX31721346	CD4i_R2L01_CRI_lib	107236369780	afe00d0992e5171aa2cbda1221431b41
CD4i_R2_L01-24	2	CD4i_R2L02	SRR36713982	SAMN54497583	SRS27690011	SRX31721301	CD4i_R2L02_CRI_lib	100844336570	b84e680efcc84c522c5b9a54249538d1
CD4i_R2_L01-24	3	CD4i_R2L03	SRR36713979	SAMN54497584	SRS27690010	SRX31721302	CD4i_R2L03_CRI_lib	96179252482	9855fe1abb625a272c98431158fb9139
CD4i_R2_L01-24	4	CD4i_R2L04	SRR36713980	SAMN54497585	SRS27690012	SRX31721303	CD4i_R2L04_CRI_lib	85170827112	339238ce82245491fb310d9088d25ce4
CD4i_R2_L01-24	5	CD4i_R2L05	SRR36713977	SAMN54497586	SRS27690013	SRX31721304	CD4i_R2L05_CRI_lib	111878449739	41f44b907a015acd5f69eaec20595c6c
CD4i_R2_L01-24	6	CD4i_R2L06	SRR36713978	SAMN54497587	SRS27690014	SRX31721305	CD4i_R2L06_CRI_lib	107036936227	d9436f83cab39434f47c38c5d4aca5f4
CD4i_R2_L01-24	15	CD4i_R2L15	SRR36713923	SAMN54497590	SRS27690003	SRX31721244	CD4i_R2L15_CRI_lib	92615361639	4f35cdad995d9bad5db1ce864729cecd
CD4i_R2_L01-24	16	CD4i_R2L16	SRR36713920	SAMN54497591	SRS27690005	SRX31721245	CD4i_R2L16_CRI_lib	99290420078	aaec49395142eb6c00cb5b146aca621d
CD4i_R2_L01-24	17	CD4i_R2L17	SRR36713921	SAMN54497592	SRS27689978	SRX31721179	CD4i_R2L17_CRI_lib	84844878966	4932b647c9da8be7e8942bf9aa8568e4
CD4i_R2_L01-24	18	CD4i_R2L18	SRR36713873	SAMN54497593	SRS27689979	SRX31721180	CD4i_R2L18_CRI_lib	86605823342	b829723aa5dd7a395a2c21dd9d8df2be
CD4i_R2_L01-24	19	CD4i_R2L19	SRR36713874	SAMN54497594	SRS27689980	SRX31721181	CD4i_R2L19_CRI_lib	91319646016	0c34a1102bd98f73103dc92be5729eff
CD4i_R2_L01-24	20	CD4i_R2L20	SRR36713871	SAMN54497595	SRS27689981	SRX31721182	CD4i_R2L20_CRI_lib	96364428474	6570dacfc15d68fb880dac8061d8e0a5
CD4i_R2_L01-24	21	CD4i_R2L21	SRR36713872	SAMN54497596	SRS27689982	SRX31721183	CD4i_R2L21_CRI_lib	91383125064	c0ccf97bc794ff06717f8b28a0635c0c
CD4i_R2_L01-24	22	CD4i_R2L22	SRR36714037	SAMN54497597	SRS27689985	SRX31721184	CD4i_R2L22_CRI_lib	83233863595	ad2afc4c61f7d7d239befc031c4e74f6
CD4i_R2_L01-24	23	CD4i_R2L23	SRR36714038	SAMN54497598	SRS27690025	SRX31721347	CD4i_R2L23_CRI_lib	80228111220	c8e17d4f9952a1e03a64bbfa94145fb4
CD4i_R2_L01-24	24	CD4i_R2L24	SRR36714036	SAMN54497599	SRS27690026	SRX31721349	CD4i_R2L24_CRI_lib	87723879197	a440cb7a103ffb3e886bd8fb88f45d55
CD4i_R2_L25-48	27	CD4i_R2L27	SRR36713975	SAMN54497602	SRS27690015	SRX31721306	CD4i_R2L27_CRI_lib	102266534605	44bca5e3cf1be7aefb5c627878edec97
CD4i_R2_L25-48	28	CD4i_R2L28	SRR36713976	SAMN54497603	SRS27690016	SRX31721307	CD4i_R2L28_CRI_lib	97992606286	c3834d9ae6e224aea86795103936efd2
CD4i_R2_L25-48	31	CD4i_R2L31	SRR36713971	SAMN54497606	SRS27690020	SRX31721310	CD4i_R2L31_CRI_lib	99701617963	38f9ffdbf9345dde32b3c782f548c520
CD4i_R2_L25-48	33	CD4i_R2L33	SRR36713918	SAMN54497608	SRS27690007	SRX31721247	CD4i_R2L33_CRI_lib	92294716837	99292eb2dd404ccd843034f8188dce74
CD4i_R2_L25-48	34	CD4i_R2L34	SRR36713917	SAMN54497609	SRS27690008	SRX31721250	CD4i_R2L34_CRI_lib	87647325835	d6c6594e647e7ec931dcbda1c7a702f6
CD4i_R2_L25-48	35	CD4i_R2L35	SRR36713869	SAMN54497610	SRS27690009	SRX31721251	CD4i_R2L35_CRI_lib	105016900365	6d05c65b566f07cb273b123684733530
CD4i_R2_L25-48	37	CD4i_R2L37	SRR36713867	SAMN54497612	SRS27689984	SRX31721186	CD4i_R2L37_CRI_lib	94992335109	91599ecdcdc41de23f926d708eae36c8
CD4i_R2_L25-48	38	CD4i_R2L38	SRR36713868	SAMN54497613	SRS27689986	SRX31721187	CD4i_R2L38_CRI_lib	79940636677	3cee0eb585eabcae72689cdcde8dfb12
CD4i_R2_L25-48	40	CD4i_R2L40	SRR36713866	SAMN54497615	SRS27689988	SRX31721189	CD4i_R2L40_CRI_lib	86465680231	fb3af6845feed81d2836f9649f186b5b
CD4i_R2_L25-48	42	CD4i_R2L42	SRR36714032	SAMN54497617	SRS27690030	SRX31721353	CD4i_R2L42_CRI_lib	96807666180	e214ff189140fb2e3b9116fa1c1e2c60
CD4i_R2_L25-48	43	CD4i_R2L43	SRR36714029	SAMN54497618	SRS27690031	SRX31721354	CD4i_R2L43_CRI_lib	87348292959	879d2e553378a732a6eaf69b97be9fd1
CD4i_R2_L25-48	44	CD4i_R2L44	SRR36714027	SAMN54497619	SRS27690032	SRX31721356	CD4i_R2L44_CRI_lib	80322154482	ae8a2f7a24f7a6f53f97ec53b5c94ad9
CD4i_R2_L25-48	45	CD4i_R2L45	SRR36714028	SAMN54497620	SRS27690019	SRX31721311	CD4i_R2L45_CRI_lib	100445097353	150c9dc0cd433bae417aab913d50c5ae
CD4i_R2_L25-48	46	CD4i_R2L46	SRR36713969	SAMN54497621	SRS27690021	SRX31721312	CD4i_R2L46_CRI_lib	98910198842	ef11b3d9734414bbaaaa68dec8b6297d
