pool_id	lane_id	gex_source_pairs	guide_sra_runs	guide_status
CD4i_R1_L01-23	CD4i_R1L01	10	10	available
CD4i_R1_L01-23	CD4i_R1L02	10	10	available
CD4i_R1_L01-23	CD4i_R1L03	10	10	available
CD4i_R1_L01-23	CD4i_R1L04	10	10	available
CD4i_R1_L01-23	CD4i_R1L05	10	10	available
CD4i_R1_L01-23	CD4i_R1L06	10	10	available
CD4i_R1_L01-23	CD4i_R1L07	10	10	available
CD4i_R1_L01-23	CD4i_R1L08	10	10	available
CD4i_R1_L01-23	CD4i_R1L09	10	10	available
CD4i_R1_L01-23	CD4i_R1L10	10	10	available
CD4i_R1_L01-23	CD4i_R1L11	10	10	available
CD4i_R1_L01-23	CD4i_R1L12	10	10	available
CD4i_R1_L01-23	CD4i_R1L13	10	9	partial
CD4i_R1_L01-23	CD4i_R1L14	10	10	available
CD4i_R1_L01-23	CD4i_R1L15	10	10	available
CD4i_R1_L01-23	CD4i_R1L16	10	10	available
CD4i_R1_L01-23	CD4i_R1L17	9	9	available
CD4i_R1_L01-23	CD4i_R1L18	9	9	available
CD4i_R1_L01-23	CD4i_R1L19	9	9	available
CD4i_R1_L01-23	CD4i_R1L20	9	9	available
CD4i_R1_L01-23	CD4i_R1L21	9	9	available
CD4i_R1_L01-23	CD4i_R1L22	9	9	available
CD4i_R1_L01-23	CD4i_R1L23	9	9	available
CD4i_R2_L01-24	CD4i_R2L01	5	1	available
CD4i_R2_L01-24	CD4i_R2L02	5	1	available
CD4i_R2_L01-24	CD4i_R2L03	4	1	available
CD4i_R2_L01-24	CD4i_R2L04	5	1	available
CD4i_R2_L01-24	CD4i_R2L05	6	1	available
CD4i_R2_L01-24	CD4i_R2L06	5	1	available
CD4i_R2_L01-24	CD4i_R2L07	5	0	no_archived_guide_sra
CD4i_R2_L01-24	CD4i_R2L08	5	0	no_archived_guide_sra
CD4i_R2_L01-24	CD4i_R2L09	6	0	no_archived_guide_sra
CD4i_R2_L01-24	CD4i_R2L10	5	0	no_archived_guide_sra
CD4i_R2_L01-24	CD4i_R2L11	5	0	no_archived_guide_sra
CD4i_R2_L01-24	CD4i_R2L12	5	0	no_archived_guide_sra
CD4i_R2_L01-24	CD4i_R2L13	5	0	no_archived_guide_sra
CD4i_R2_L01-24	CD4i_R2L14	5	0	no_archived_guide_sra
CD4i_R2_L01-24	CD4i_R2L15	5	1	available
CD4i_R2_L01-24	CD4i_R2L16	5	1	available
CD4i_R2_L01-24	CD4i_R2L17	5	1	available
CD4i_R2_L01-24	CD4i_R2L18	5	1	available
CD4i_R2_L01-24	CD4i_R2L19	6	1	available
CD4i_R2_L01-24	CD4i_R2L20	6	1	available
CD4i_R2_L01-24	CD4i_R2L21	5	1	available
CD4i_R2_L01-24	CD4i_R2L22	5	1	available
CD4i_R2_L01-24	CD4i_R2L23	5	1	available
CD4i_R2_L01-24	CD4i_R2L24	5	1	available
CD4i_R2_L25-48	CD4i_R2L25	5	0	no_archived_guide_sra
CD4i_R2_L25-48	CD4i_R2L26	5	0	no_archived_guide_sra
CD4i_R2_L25-48	CD4i_R2L27	5	1	available
CD4i_R2_L25-48	CD4i_R2L28	5	1	available
CD4i_R2_L25-48	CD4i_R2L29	6	0	no_archived_guide_sra
CD4i_R2_L25-48	CD4i_R2L30	5	0	no_archived_guide_sra
CD4i_R2_L25-48	CD4i_R2L31	5	1	available
CD4i_R2_L25-48	CD4i_R2L32	5	0	no_archived_guide_sra
CD4i_R2_L25-48	CD4i_R2L33	6	1	available
CD4i_R2_L25-48	CD4i_R2L34	5	1	available
CD4i_R2_L25-48	CD4i_R2L35	5	1	available
CD4i_R2_L25-48	CD4i_R2L36	5	0	no_archived_guide_sra
CD4i_R2_L25-48	CD4i_R2L37	5	1	available
CD4i_R2_L25-48	CD4i_R2L38	5	1	available
CD4i_R2_L25-48	CD4i_R2L39	4	0	no_archived_guide_sra
CD4i_R2_L25-48	CD4i_R2L40	5	1	available
CD4i_R2_L25-48	CD4i_R2L41	5	0	no_archived_guide_sra
CD4i_R2_L25-48	CD4i_R2L42	5	1	available
CD4i_R2_L25-48	CD4i_R2L43	4	1	available
CD4i_R2_L25-48	CD4i_R2L44	5	1	available
CD4i_R2_L25-48	CD4i_R2L45	4	1	available
CD4i_R2_L25-48	CD4i_R2L46	5	1	available
CD4i_R2_L25-48	CD4i_R2L47	4	0	no_archived_guide_sra
CD4i_R2_L25-48	CD4i_R2L48	4	0	no_archived_guide_sra
