bc_alias	bc_sequence	cr_alias	cr_sequence
BC001	ACTTTAGG	CR001	ACCGTCCA
BC002	AACGGGAA	CR002	CAACCTGT
BC003	AGTAGGCT	CR003	GTTAGATG
BC004	ATGTTGAC	CR004	TGGTAGAC
BC005	ACAGACCT	CR005	ACTGTGCG
BC006	ATCCCAAC	CR006	CGACAAGC
BC007	AAGTAGAG	CR007	TTGTCCAT
BC008	AGCTGTGA	CR008	AATCAGGC
BC009	ACAGTCTG	CR009	CGGAGTCT
BC010	AGTGAGTG	CR010	AGCTGAAG
BC011	AGAGGCAA	CR011	CAGCTCCA
BC012	ACTACTCA	CR012	TTAGAGGC
BC013	ATACGTCA	CR013	CCATAACT
BC014	ATCATGTG	CR014	TTTCGCGG
BC015	AACGCCGA	CR015	AGACCGCT
BC016	ATTCGGTT	CR016	GCTTATTC
