sample_id	pool_id	donor	condition	donor_id	author_sample	author_library	library_prep_kit	sequencing_platform	probe_hyb_loading	bc_cr_pairs	pool_lanes	guide_available_lanes	guide_missing_lanes
zhu_2025_D1_rest_cl	CD4i_R1_L01-23	D1	rest	CE0008162	CD4i_R1_D1_Rest	CD4i_R1_D1_Rest_CD4i_R1_Ultima	GEMX_flex_v1	Ultima	2M cells/probe, 40uL GEX probe, BC001-004, CRISPR probe, CR001-004	BC001:CR001;BC002:CR002;BC003:CR003;BC004:CR004	CD4i_R1L01;CD4i_R1L02;CD4i_R1L03;CD4i_R1L04;CD4i_R1L05;CD4i_R1L06;CD4i_R1L07;CD4i_R1L08;CD4i_R1L09;CD4i_R1L10;CD4i_R1L11;CD4i_R1L12;CD4i_R1L13;CD4i_R1L14;CD4i_R1L15;CD4i_R1L16;CD4i_R1L17;CD4i_R1L18;CD4i_R1L19;CD4i_R1L20;CD4i_R1L21;CD4i_R1L22;CD4i_R1L23	CD4i_R1L01;CD4i_R1L02;CD4i_R1L03;CD4i_R1L04;CD4i_R1L05;CD4i_R1L06;CD4i_R1L07;CD4i_R1L08;CD4i_R1L09;CD4i_R1L10;CD4i_R1L11;CD4i_R1L12;CD4i_R1L13;CD4i_R1L14;CD4i_R1L15;CD4i_R1L16;CD4i_R1L17;CD4i_R1L18;CD4i_R1L19;CD4i_R1L20;CD4i_R1L21;CD4i_R1L22;CD4i_R1L23	
zhu_2025_D2_rest_cl	CD4i_R1_L01-23	D2	rest	CE0010866	CD4i_R1_D2_Rest	CD4i_R1_D2_Rest_CD4i_R1_Ultima	GEMX_flex_v1	Ultima	2M cells/probe, 40uL GEX probe, BC005-008, CRISPR probe, CR005-008	BC005:CR005;BC006:CR006;BC007:CR007;BC008:CR008	CD4i_R1L01;CD4i_R1L02;CD4i_R1L03;CD4i_R1L04;CD4i_R1L05;CD4i_R1L06;CD4i_R1L07;CD4i_R1L08;CD4i_R1L09;CD4i_R1L10;CD4i_R1L11;CD4i_R1L12;CD4i_R1L13;CD4i_R1L14;CD4i_R1L15;CD4i_R1L16;CD4i_R1L17;CD4i_R1L18;CD4i_R1L19;CD4i_R1L20;CD4i_R1L21;CD4i_R1L22;CD4i_R1L23	CD4i_R1L01;CD4i_R1L02;CD4i_R1L03;CD4i_R1L04;CD4i_R1L05;CD4i_R1L06;CD4i_R1L07;CD4i_R1L08;CD4i_R1L09;CD4i_R1L10;CD4i_R1L11;CD4i_R1L12;CD4i_R1L13;CD4i_R1L14;CD4i_R1L15;CD4i_R1L16;CD4i_R1L17;CD4i_R1L18;CD4i_R1L19;CD4i_R1L20;CD4i_R1L21;CD4i_R1L22;CD4i_R1L23	
zhu_2025_D1_stim8hr_cl	CD4i_R1_L01-23	D1	stim8hr	CE0008162	CD4i_R1_D1_Stim8hr	CD4i_R1_D1_Stim8hr_CD4i_R1_Ultima	GEMX_flex_v1	Ultima	2M cells/probe, 40uL GEX probe, BC009-012, CRISPR probe, CR009-012	BC009:CR009;BC010:CR010;BC011:CR011;BC012:CR012	CD4i_R1L01;CD4i_R1L02;CD4i_R1L03;CD4i_R1L04;CD4i_R1L05;CD4i_R1L06;CD4i_R1L07;CD4i_R1L08;CD4i_R1L09;CD4i_R1L10;CD4i_R1L11;CD4i_R1L12;CD4i_R1L13;CD4i_R1L14;CD4i_R1L15;CD4i_R1L16;CD4i_R1L17;CD4i_R1L18;CD4i_R1L19;CD4i_R1L20;CD4i_R1L21;CD4i_R1L22;CD4i_R1L23	CD4i_R1L01;CD4i_R1L02;CD4i_R1L03;CD4i_R1L04;CD4i_R1L05;CD4i_R1L06;CD4i_R1L07;CD4i_R1L08;CD4i_R1L09;CD4i_R1L10;CD4i_R1L11;CD4i_R1L12;CD4i_R1L13;CD4i_R1L14;CD4i_R1L15;CD4i_R1L16;CD4i_R1L17;CD4i_R1L18;CD4i_R1L19;CD4i_R1L20;CD4i_R1L21;CD4i_R1L22;CD4i_R1L23	
zhu_2025_D2_stim8hr_cl	CD4i_R1_L01-23	D2	stim8hr	CE0010866	CD4i_R1_D2_Stim8hr	CD4i_R1_D2_Stim8hr_CD4i_R1_Ultima	GEMX_flex_v1	Ultima	2M cells/probe, 40uL GEX probe, BC013-016, CRISPR probe, CR013-016	BC013:CR013;BC014:CR014;BC015:CR015;BC016:CR016	CD4i_R1L01;CD4i_R1L02;CD4i_R1L03;CD4i_R1L04;CD4i_R1L05;CD4i_R1L06;CD4i_R1L07;CD4i_R1L08;CD4i_R1L09;CD4i_R1L10;CD4i_R1L11;CD4i_R1L12;CD4i_R1L13;CD4i_R1L14;CD4i_R1L15;CD4i_R1L16;CD4i_R1L17;CD4i_R1L18;CD4i_R1L19;CD4i_R1L20;CD4i_R1L21;CD4i_R1L22;CD4i_R1L23	CD4i_R1L01;CD4i_R1L02;CD4i_R1L03;CD4i_R1L04;CD4i_R1L05;CD4i_R1L06;CD4i_R1L07;CD4i_R1L08;CD4i_R1L09;CD4i_R1L10;CD4i_R1L11;CD4i_R1L12;CD4i_R1L13;CD4i_R1L14;CD4i_R1L15;CD4i_R1L16;CD4i_R1L17;CD4i_R1L18;CD4i_R1L19;CD4i_R1L20;CD4i_R1L21;CD4i_R1L22;CD4i_R1L23	
zhu_2025_D3_rest_cl	CD4i_R2_L01-24	D3	rest	CE0008678	CD4i_R2_D3_Rest	CD4i_R2_D3_Rest_CD4i_R2_Ultima	GEMX_flex_v1	Ultima	2M cells/probe, 40uL GEX probe, BC001-004, CRISPR probe, CR001-004	BC001:CR001;BC002:CR002;BC003:CR003;BC004:CR004	CD4i_R2L01;CD4i_R2L02;CD4i_R2L03;CD4i_R2L04;CD4i_R2L05;CD4i_R2L06;CD4i_R2L07;CD4i_R2L08;CD4i_R2L09;CD4i_R2L10;CD4i_R2L11;CD4i_R2L12;CD4i_R2L13;CD4i_R2L14;CD4i_R2L15;CD4i_R2L16;CD4i_R2L17;CD4i_R2L18;CD4i_R2L19;CD4i_R2L20;CD4i_R2L21;CD4i_R2L22;CD4i_R2L23;CD4i_R2L24	CD4i_R2L01;CD4i_R2L02;CD4i_R2L03;CD4i_R2L04;CD4i_R2L05;CD4i_R2L06;CD4i_R2L15;CD4i_R2L16;CD4i_R2L17;CD4i_R2L18;CD4i_R2L19;CD4i_R2L20;CD4i_R2L21;CD4i_R2L22;CD4i_R2L23;CD4i_R2L24	CD4i_R2L07;CD4i_R2L08;CD4i_R2L09;CD4i_R2L10;CD4i_R2L11;CD4i_R2L12;CD4i_R2L13;CD4i_R2L14
zhu_2025_D4_rest_cl	CD4i_R2_L01-24	D4	rest	CE0006864	CD4i_R2_D4_Rest	CD4i_R2_D4_Rest_CD4i_R2_Ultima	GEMX_flex_v1	Ultima	2M cells/probe, 40uL GEX probe, BC005-008, CRISPR probe, CR005-008	BC005:CR005;BC006:CR006;BC007:CR007;BC008:CR008	CD4i_R2L01;CD4i_R2L02;CD4i_R2L03;CD4i_R2L04;CD4i_R2L05;CD4i_R2L06;CD4i_R2L07;CD4i_R2L08;CD4i_R2L09;CD4i_R2L10;CD4i_R2L11;CD4i_R2L12;CD4i_R2L13;CD4i_R2L14;CD4i_R2L15;CD4i_R2L16;CD4i_R2L17;CD4i_R2L18;CD4i_R2L19;CD4i_R2L20;CD4i_R2L21;CD4i_R2L22;CD4i_R2L23;CD4i_R2L24	CD4i_R2L01;CD4i_R2L02;CD4i_R2L03;CD4i_R2L04;CD4i_R2L05;CD4i_R2L06;CD4i_R2L15;CD4i_R2L16;CD4i_R2L17;CD4i_R2L18;CD4i_R2L19;CD4i_R2L20;CD4i_R2L21;CD4i_R2L22;CD4i_R2L23;CD4i_R2L24	CD4i_R2L07;CD4i_R2L08;CD4i_R2L09;CD4i_R2L10;CD4i_R2L11;CD4i_R2L12;CD4i_R2L13;CD4i_R2L14
zhu_2025_D3_stim8hr_cl	CD4i_R2_L01-24	D3	stim8hr	CE0008678	CD4i_R2_D3_Stim8hr	CD4i_R2_D3_Stim8hr_CD4i_R2_Ultima	GEMX_flex_v1	Ultima	2M cells/probe, 40uL GEX probe, BC009-012, CRISPR probe, CR009-012	BC009:CR009;BC010:CR010;BC011:CR011;BC012:CR012	CD4i_R2L01;CD4i_R2L02;CD4i_R2L03;CD4i_R2L04;CD4i_R2L05;CD4i_R2L06;CD4i_R2L07;CD4i_R2L08;CD4i_R2L09;CD4i_R2L10;CD4i_R2L11;CD4i_R2L12;CD4i_R2L13;CD4i_R2L14;CD4i_R2L15;CD4i_R2L16;CD4i_R2L17;CD4i_R2L18;CD4i_R2L19;CD4i_R2L20;CD4i_R2L21;CD4i_R2L22;CD4i_R2L23;CD4i_R2L24	CD4i_R2L01;CD4i_R2L02;CD4i_R2L03;CD4i_R2L04;CD4i_R2L05;CD4i_R2L06;CD4i_R2L15;CD4i_R2L16;CD4i_R2L17;CD4i_R2L18;CD4i_R2L19;CD4i_R2L20;CD4i_R2L21;CD4i_R2L22;CD4i_R2L23;CD4i_R2L24	CD4i_R2L07;CD4i_R2L08;CD4i_R2L09;CD4i_R2L10;CD4i_R2L11;CD4i_R2L12;CD4i_R2L13;CD4i_R2L14
zhu_2025_D4_stim8hr_cl	CD4i_R2_L01-24	D4	stim8hr	CE0006864	CD4i_R2_D4_Stim8hr	CD4i_R2_D4_Stim8hr_CD4i_R2_Ultima	GEMX_flex_v1	Ultima	2M cells/probe, 40uL GEX probe, BC013-016, CRISPR probe, CR013-016	BC013:CR013;BC014:CR014;BC015:CR015;BC016:CR016	CD4i_R2L01;CD4i_R2L02;CD4i_R2L03;CD4i_R2L04;CD4i_R2L05;CD4i_R2L06;CD4i_R2L07;CD4i_R2L08;CD4i_R2L09;CD4i_R2L10;CD4i_R2L11;CD4i_R2L12;CD4i_R2L13;CD4i_R2L14;CD4i_R2L15;CD4i_R2L16;CD4i_R2L17;CD4i_R2L18;CD4i_R2L19;CD4i_R2L20;CD4i_R2L21;CD4i_R2L22;CD4i_R2L23;CD4i_R2L24	CD4i_R2L01;CD4i_R2L02;CD4i_R2L03;CD4i_R2L04;CD4i_R2L05;CD4i_R2L06;CD4i_R2L15;CD4i_R2L16;CD4i_R2L17;CD4i_R2L18;CD4i_R2L19;CD4i_R2L20;CD4i_R2L21;CD4i_R2L22;CD4i_R2L23;CD4i_R2L24	CD4i_R2L07;CD4i_R2L08;CD4i_R2L09;CD4i_R2L10;CD4i_R2L11;CD4i_R2L12;CD4i_R2L13;CD4i_R2L14
zhu_2025_D1_stim48hr_cl	CD4i_R2_L25-48	D1	stim48hr	CE0008162	CD4i_R2_D1_Stim48hr	CD4i_R2_D1_Stim48hr_CD4i_R2_Ultima	GEMX_flex_v1	Ultima	2M cells/probe, 40uL GEX probe, BC001-004, CRISPR probe, CR001-004	BC001:CR001;BC002:CR002;BC003:CR003;BC004:CR004	CD4i_R2L25;CD4i_R2L26;CD4i_R2L27;CD4i_R2L28;CD4i_R2L29;CD4i_R2L30;CD4i_R2L31;CD4i_R2L32;CD4i_R2L33;CD4i_R2L34;CD4i_R2L35;CD4i_R2L36;CD4i_R2L37;CD4i_R2L38;CD4i_R2L39;CD4i_R2L40;CD4i_R2L41;CD4i_R2L42;CD4i_R2L43;CD4i_R2L44;CD4i_R2L45;CD4i_R2L46;CD4i_R2L47;CD4i_R2L48	CD4i_R2L27;CD4i_R2L28;CD4i_R2L31;CD4i_R2L33;CD4i_R2L34;CD4i_R2L35;CD4i_R2L37;CD4i_R2L38;CD4i_R2L40;CD4i_R2L42;CD4i_R2L43;CD4i_R2L44;CD4i_R2L45;CD4i_R2L46	CD4i_R2L25;CD4i_R2L26;CD4i_R2L29;CD4i_R2L30;CD4i_R2L32;CD4i_R2L36;CD4i_R2L39;CD4i_R2L41;CD4i_R2L47;CD4i_R2L48
zhu_2025_D2_stim48hr_cl	CD4i_R2_L25-48	D2	stim48hr	CE0010866	CD4i_R2_D2_Stim48hr	CD4i_R2_D2_Stim48hr_CD4i_R2_Ultima	GEMX_flex_v1	Ultima	2M cells/probe, 40uL GEX probe, BC005-008, CRISPR probe, CR005-008	BC005:CR005;BC006:CR006;BC007:CR007;BC008:CR008	CD4i_R2L25;CD4i_R2L26;CD4i_R2L27;CD4i_R2L28;CD4i_R2L29;CD4i_R2L30;CD4i_R2L31;CD4i_R2L32;CD4i_R2L33;CD4i_R2L34;CD4i_R2L35;CD4i_R2L36;CD4i_R2L37;CD4i_R2L38;CD4i_R2L39;CD4i_R2L40;CD4i_R2L41;CD4i_R2L42;CD4i_R2L43;CD4i_R2L44;CD4i_R2L45;CD4i_R2L46;CD4i_R2L47;CD4i_R2L48	CD4i_R2L27;CD4i_R2L28;CD4i_R2L31;CD4i_R2L33;CD4i_R2L34;CD4i_R2L35;CD4i_R2L37;CD4i_R2L38;CD4i_R2L40;CD4i_R2L42;CD4i_R2L43;CD4i_R2L44;CD4i_R2L45;CD4i_R2L46	CD4i_R2L25;CD4i_R2L26;CD4i_R2L29;CD4i_R2L30;CD4i_R2L32;CD4i_R2L36;CD4i_R2L39;CD4i_R2L41;CD4i_R2L47;CD4i_R2L48
zhu_2025_D3_stim48hr_cl	CD4i_R2_L25-48	D3	stim48hr	CE0008678	CD4i_R2_D3_Stim48hr	CD4i_R2_D3_Stim48hr_CD4i_R2_Ultima	GEMX_flex_v1	Ultima	2M cells/probe, 40uL GEX probe, BC009-012, CRISPR probe, CR009-012	BC009:CR009;BC010:CR010;BC011:CR011;BC012:CR012	CD4i_R2L25;CD4i_R2L26;CD4i_R2L27;CD4i_R2L28;CD4i_R2L29;CD4i_R2L30;CD4i_R2L31;CD4i_R2L32;CD4i_R2L33;CD4i_R2L34;CD4i_R2L35;CD4i_R2L36;CD4i_R2L37;CD4i_R2L38;CD4i_R2L39;CD4i_R2L40;CD4i_R2L41;CD4i_R2L42;CD4i_R2L43;CD4i_R2L44;CD4i_R2L45;CD4i_R2L46;CD4i_R2L47;CD4i_R2L48	CD4i_R2L27;CD4i_R2L28;CD4i_R2L31;CD4i_R2L33;CD4i_R2L34;CD4i_R2L35;CD4i_R2L37;CD4i_R2L38;CD4i_R2L40;CD4i_R2L42;CD4i_R2L43;CD4i_R2L44;CD4i_R2L45;CD4i_R2L46	CD4i_R2L25;CD4i_R2L26;CD4i_R2L29;CD4i_R2L30;CD4i_R2L32;CD4i_R2L36;CD4i_R2L39;CD4i_R2L41;CD4i_R2L47;CD4i_R2L48
zhu_2025_D4_stim48hr_cl	CD4i_R2_L25-48	D4	stim48hr	CE0006864	CD4i_R2_D4_Stim48hr	CD4i_R2_D4_Stim48hr_CD4i_R2_Ultima	GEMX_flex_v1	Ultima	2M cells/probe, 40uL GEX probe, BC013-016, CRISPR probe, CR013-016	BC013:CR013;BC014:CR014;BC015:CR015;BC016:CR016	CD4i_R2L25;CD4i_R2L26;CD4i_R2L27;CD4i_R2L28;CD4i_R2L29;CD4i_R2L30;CD4i_R2L31;CD4i_R2L32;CD4i_R2L33;CD4i_R2L34;CD4i_R2L35;CD4i_R2L36;CD4i_R2L37;CD4i_R2L38;CD4i_R2L39;CD4i_R2L40;CD4i_R2L41;CD4i_R2L42;CD4i_R2L43;CD4i_R2L44;CD4i_R2L45;CD4i_R2L46;CD4i_R2L47;CD4i_R2L48	CD4i_R2L27;CD4i_R2L28;CD4i_R2L31;CD4i_R2L33;CD4i_R2L34;CD4i_R2L35;CD4i_R2L37;CD4i_R2L38;CD4i_R2L40;CD4i_R2L42;CD4i_R2L43;CD4i_R2L44;CD4i_R2L45;CD4i_R2L46	CD4i_R2L25;CD4i_R2L26;CD4i_R2L29;CD4i_R2L30;CD4i_R2L32;CD4i_R2L36;CD4i_R2L39;CD4i_R2L41;CD4i_R2L47;CD4i_R2L48
