gRNA_Name,chr,gRNA_position_hg38,Design_Region_Start_hg38,Design_Region_End_hg38,Midpoint of target region,Sequence,Strand
chr17_44900948,chr17,44900948,44900860,44901327,44901094,CAGTGGACAGTCAATATCAG,-1
chr17_44901240,chr17,44901240,44900860,44901327,44901094,agatcaaacagtagacggtg,-1
chr17_44947386,chr17,44947386,44947144,44948444,44947795,TCCAGCATAGATGAGCGGAG,1
chr17_44947613,chr17,44947613,44947144,44948444,44947795,AGGTAAGTCCTGGCCCACGG,-1
chr17_44960151,chr17,44960151,44960036,44960503,44960270,CCCACGTCCCTCACCCGCCG,-1
chr17_44960246,chr17,44960246,44960036,44960503,44960270,GATGGAGGCAAAGCACACGG,-1
chr17_44970218,chr17,44970218,44970104,44970571,44970338,ACACCGAGGAGACCGCCGTG,-1
chr17_44970405,chr17,44970405,44970104,44970571,44970338,AGAGCCCTCCGGGCACACCG,1
chr17_44975954,chr17,44975954,44975910,44976909,44976410,CAGCCTAGTTCAGCCCACTG,-1
chr17_44976850,chr17,44976850,44975910,44976909,44976410,aaggtcatagagccaatctg,1
chr17_44979707,chr17,44979707,44979260,44980259,44979760,CTAGCAATCGAGGAGCAGCG,-1
chr17_44980184,chr17,44980184,44979260,44980259,44979760,TATGAGAGTGAGTATCAACG,-1
chr17_44987483,chr17,44987483,44987453,44987920,44987687,GGGGGATGTTAGGCTCCTAG,1
chr17_44987720,chr17,44987720,44987453,44987920,44987687,AATTCAAATGAGGCTCTCGG,-1
chr17_44987763,chr17,44987763,44987453,44987920,44987687,TTCAGTCGGCTTCTCCAATG,1
chr17_44987843,chr17,44987843,44987453,44987920,44987687,TTCAGCTCCCCCATCTACGG,-1
chr17_44988254,chr17,44988254,44988184,44988651,44988418,TTAATTAGAGACTCCCACGG,-1
chr17_44988289,chr17,44988289,44988184,44988651,44988418,GGGCCTAATGAGTCCCCAAG,-1
chr17_44988374,chr17,44988374,44988184,44988651,44988418,TTTCTTTGTCTCTCCGCACG,1
chr17_44988471,chr17,44988471,44988184,44988651,44988418,AAATCAATTAGCCACTTACG,1
chr17_45020996,chr17,45020996,45020851,45021318,45021085,TGTCGATAGAACAAGTCGGG,-1
chr17_45021250,chr17,45021250,45020851,45021318,45021085,GCCATGGGGTCATATAGGAG,-1
chr17_45043310,chr17,45043310,45042872,45043871,45043372,GGTCGTGTCAGGATTAAATG,1
chr17_45043566,chr17,45043566,45042872,45043871,45043372,agtctcatcacacacaccgg,1
chr17_45093147,chr17,45093147,45092935,45093402,45093169,TTGCAGGACTCTAAACACTG,1
chr17_45093375,chr17,45093375,45092935,45093402,45093169,CACTCTTTACACCAACCAGG,1
chr17_45110528,chr17,45110528,45110408,45111652,45111031,GTTTCGTATCTGGTACCAAG,-1
chr17_45111018,chr17,45111018,45110408,45111652,45111031,aacttgacattagtccccag,-1
chr17_45133174,chr17,45133174,45131961,45133450,45132706,CGTCGCGGACAACTACACCG,-1
chr17_45133392,chr17,45133392,45131961,45133450,45132706,CGGCGTGGCATCCTACAGAG,1
chr17_45147687,chr17,45147687,45146804,45148303,45147554,ACCTTCAGCTAAGGGTACCG,1
chr17_45148258,chr17,45148258,45146804,45148303,45147554,CCTCGCTAAAGAAACGCGAG,-1
chr17_45190899,chr17,45190899,45190450,45191449,45190950,AGGGTAGTGAATGACGCTGG,-1
chr17_45191379,chr17,45191379,45190450,45191449,45190950,TTGAGCTACATCTATCACAT,1
"MAPT_CRE-17:43296674,-1",chr17,45219313,45219248,45219836,45219542,GCTAAGTAACACCTCTTCTG,-1
"MAPT_CRE-17:43296752,-1",chr17,45219391,45219248,45219836,45219542,GACTGTATCTTCAATCCTGG,-1
chr17_45221817,chr17,45221817,45221486,45224585,45223036,GAAGTTCGAAAATCGCCGAG,1
chr17_45222926,chr17,45222926,45221486,45224585,45223036,AATTCCCCAGGTAGGCACAG,-1
chr17_45223828,chr17,45223828,45221486,45224585,45223036,gcgtgctaaacagaagattg,-1
chr17_45224421,chr17,45224421,45221486,45224585,45223036,CTCCTCTTAGACACTGACCG,-1
chr17_45228411,chr17,45228411,45228179,45228646,45228413,CCTCGGCAGTAACAACcagg,1
chr17_45228595,chr17,45228595,45228179,45228646,45228413,tgagggtggaaggcagtcgt,1
chr17_45241406,chr17,45241406,45241086,45242238,45241662,TCAGCGAATCGACCGCCATG,1
chr17_45241567,chr17,45241567,45241086,45242238,45241662,TCGGAGTTGCCACAGCGACG,-1
chr17_45241772,chr17,45241772,45241086,45242238,45241662,AGCGCATGCGTAGAGCGGAG,1
chr17_45242047,chr17,45242047,45241086,45242238,45241662,ACCGGCCCGTCAGTGCCCGG,-1
chr17_45247150,chr17,45247150,45246773,45248368,45247571,GTGCTGCAAGCAGCATTTGG,-1
chr17_45247822,chr17,45247822,45246773,45248368,45247571,GGGGCGGGACAAGTGCCCGG,-1
chr17_45261617,chr17,45261617,45261404,45262497,45261951,CAAAGCCTCAAGCATCAAGG,1
chr17_45261782,chr17,45261782,45261404,45262497,45261951,GCGTGTCCGTGAGAGCACAT,1
chr17_45288801,chr17,45288801,45288515,45289242,45288879,GCACCGAGTAGGGATGCGGG,-1
chr17_45288949,chr17,45288949,45288515,45289242,45288879,CCCCTCGTTTCCCATCAACA,-1
chr17_45291230,chr17,45291230,45291205,45291672,45291439,TGGAGAAAAGTCGCTGTGGA,-1
chr17_45291426,chr17,45291426,45291205,45291672,45291439,ATGAGTTTGGACATTAGAGG,-1
chr17_45293564,chr17,45293564,45293394,45293861,45293628,GCAGGCAGACAGTAACAAGG,1
chr17_45293686,chr17,45293686,45293394,45293861,45293628,GAGCTGTAAAGCTCCTCCTG,1
chr17_45302779,chr17,45302779,45302663,45303130,45302897,GCAAGCACAAACCCATGTGT,1
chr17_45303071,chr17,45303071,45302663,45303130,45302897,TGGATGGACCACATGCCCCT,1
chr17_45307596,chr17,45307596,45307458,45307925,45307692,GCGAGATTGACCGTAGCCTA,-1
chr17_45307867,chr17,45307867,45307458,45307925,45307692,GGCTTCCAATGCATGGAAGG,1
"MAPT_CRE-17:43386234,1",chr17,45308860,45308608,45309912,45309260,CAAATGTTGCTTgggcacag,-1
"MAPT_CRE-17:43386443,-1",chr17,45309083,45308608,45309912,45309260,aattagccaggtgtgttggt,-1
chr17_45309407,chr17,45309407,45309310,45309777,45309544,ATGGCTCCTGACCAGCACCG,1
chr17_45309438,chr17,45309438,45309310,45309777,45309544,CAGGGGTAAGCTGGGCACGA,-1
chr17_45309473,chr17,45309473,45309310,45309777,45309544,CAATTGAGGCACCGCCCTGG,-1
chr17_45309635,chr17,45309635,45309310,45309777,45309544,TGCCAGGTGATTGGACAGTG,-1
chr17_45314104,chr17,45314104,45310000,45320000,45315000,CTAGAATACAAAGAGCACAC,1
chr17_45316320,chr17,45316320,45310000,45320000,45315000,CCCATCTTGGAAACCCATCG,-1
chr17_45318901,chr17,45318901,45310000,45320000,45315000,ACTGAAATGCAAAACCCTAG,-1
chr17_45319454,chr17,45319454,45310000,45320000,45315000,CCTACCCAGAGTGAGCAGTG,1
chr17_45321097,chr17,45321097,45320822,45321289,45321056,GCTGATGAGTCATCTGAATG,1
chr17_45321204,chr17,45321204,45320822,45321289,45321056,TGTAGGGTGGATGTTCCTGG,1
chr17_45321232,chr17,45321232,45320822,45321289,45321056,AACTTCAGGCAGTCCCGACA,-1
chr17_45326643,chr17,45326643,45326571,45327038,45326805,GATGCCGGAAATGTCAGTCA,1
chr17_45326666,chr17,45326666,45326571,45327038,45326805,GACTTCTTGTGATTAGCACA,-1
chr17_45326750,chr17,45326750,45326571,45327038,45326805,ATTAGGTAGAGGGAAAACCC,1
chr17_45326882,chr17,45326882,45326571,45327038,45326805,ggaggcatgtggttcccgag,1
chr17_45371129,chr17,45371129,45371016,45371483,45371250,gcttcttcacagagaaacgg,-1
chr17_45371230,chr17,45371230,45371016,45371483,45371250,tacaacatgggtgaaccttg,-1
chr17_45385523,chr17,45385523,45385405,45385872,45385639,AGGCTGATGACATGTAGTCG,-1
chr17_45385765,chr17,45385765,45385405,45385872,45385639,GCTGGACCTCACTTCAGACA,-1
chr17_45429188,chr17,45429188,45428887,45429757,45429323,cttcggaatacagaacagct,1
chr17_45429247,chr17,45429247,45428887,45429757,45429323,ggttatataacctcccagca,1
chr17_45429247,chr17,45429247,45428905,45429372,45429139,ggttatataacctcccagca,1
chr17_45429272,chr17,45429272,45428887,45429757,45429323,cttcggaatacagaacagct,-1
chr17_45429351,chr17,45429351,45428887,45429757,45429323,cacatcagttcaagcgcaat,-1
chr17_45429351,chr17,45429351,45428905,45429372,45429139,attgcgcttgaactgatgtg,-1
chr17_45431569,chr17,45431569,45431544,45432556,45432051,TGAACCAACAAACCCCAAGC,1
chr17_45432030,chr17,45432030,45431544,45432556,45432051,cccGGGATTTGCTGTCCGGG,-1
chr17_45432030,chr17,45432030,45431854,45432321,45432088,CCCGGACAGCAAATCCCggg,-1
chr17_45432124,chr17,45432124,45431544,45432556,45432051,TGCGGGCGTTCCTGTTCCCG,1
chr17_45432174,chr17,45432174,45431854,45432321,45432088,GGGCGGATTTGCAATCCGGT,-1
chr17_45432425,chr17,45432425,45431544,45432556,45432051,ACAGCGCACCAGTCGCCAGG,1
"MAPT_CRE-17:43510539,-1",chr17,45433179,45433041,45433887,45433464,CAAGTTTCAATCTTGCCCGG,1
"MAPT_CRE-17:43510919,-1",chr17,45433559,45433041,45433887,45433464,AGCCAAATGTAAACCCACGT,-1
"MAPT_CRE-17:43660530,-1",chr17,45583170,45582748,45585146,45583947,aaaaaaaaTgctgggcgcag,-1
"MAPT_CRE-17:43662004,-1",chr17,45584644,45582748,45585146,45583947,CGCGAGTGGCGTCTTCCAAG,-1
"MAPT_CRE-17:43690227,-1",chr17,45612867,45612812,45613318,45613065,CCACTCTAGAACATGCAGCG,1
"MAPT_CRE-17:43690356,-1",chr17,45612996,45612812,45613318,45613065,gagaatcacttgaacccggg,1
"MAPT_CRE-17:43690386,-1",chr17,45613026,45612812,45613318,45613065,CTTCAGAGTCTCCAGTCCCG,-1
chr17_45640454,chr17,45640454,45640002,45641501,45640752,TTGGAAGTCACCTACTCCAG,-1
chr17_45640621,chr17,45640621,45640002,45641501,45640752,AGATGGATTCCTCTACACTT,-1
"MAPT_CRE-17:43738748,1",chr17,45661374,45661144,45661677,45661411,GATGAACAAGCAAAGCACGT,1
"MAPT_CRE-17:43738834,-1",chr17,45661474,45661144,45661677,45661411,TAACCAGGTAGAGTGACCAG,-1
"MAPT_CRE-17:43738848,-1",chr17,45661488,45661144,45661677,45661411,ATAAACACTTCAGGGCACCA,1
chr17_45770717,chr17,45770717,45770650,45771649,45771150,atagaagtaccaaggtccag,1
chr17_45771197,chr17,45771197,45770650,45771649,45771150,GAGGTGGAGATCGATCAGCA,1
"MAPT_CRE-17:43861859,-1",chr17,45784499,45783951,45785104,45784528,cgtgccactgcactccagcc,1
"MAPT_CRE-17:43861860,-1",chr17,45784500,45783951,45785104,45784528,tcacccaggctggagtgcag,-1
chr17_45787108,chr17,45787108,45786976,45787443,45787210,CCACAATATAGGCCCCAGAG,-1
chr17_45787279,chr17,45787279,45786976,45787443,45787210,AGACATTGTCTCTATCCCCA,1
chr17_45787341,chr17,45787341,45786976,45787443,45787210,CCACACTCCATCTCCCTACG,-1
chr17_45787410,chr17,45787410,45786976,45787443,45787210,TCCTGTTAGAATCCATCCAG,-1
chr17_45813269,chr17,45813269,45813191,45813658,45813425,TCCCTTCTAACTCCACTCCG,1
chr17_45813287,chr17,45813287,45813191,45813658,45813425,gggCGTGGCCAAAGGCACAA,-1
chr17_45813411,chr17,45813411,45813191,45813658,45813425,GAGAGGCTGCAAGAACGGGG,-1
chr17_45813549,chr17,45813549,45813191,45813658,45813425,GTGCATCCTTAGGAGCTGCG,1
"MAPT_CRE-17:43918134,-1",chr17,45840774,45839881,45841354,45840618,aatcaggtgacaaactccct,1
"MAPT_CRE-17:43918442,1",chr17,45841068,45839881,45841354,45840618,GAAATCACACTAATGGTGGA,-1
chr17_45848557,chr17,45848557,45848403,45849786,45849095,TGTCTCAATCACACGACCAG,-1
chr17_45848681,chr17,45848681,45848403,45849786,45849095,ctggagtgttacaggtgctt,-1
chr17_45848844,chr17,45848844,45848403,45849786,45849095,TGGTCAGTGTTGACGTGAGA,-1
chr17_45848996,chr17,45848996,45848901,45849368,45849135,GCTGAAGGCCCGCTAGACAA,1
chr17_45849302,chr17,45849302,45848901,45849368,45849135,AATCCAGTCTGAGGGCTCTG,1
chr17_45849700,chr17,45849700,45848403,45849786,45849095,GCCAGGACTGACCAATGTCG,1
chr17_45852556,chr17,45852556,45852517,45852984,45852751,ctggctaagcacttacagca,1
chr17_45852640,chr17,45852640,45852545,45852947,45852747,CCAAATGCCGTCTTCCCCAA,-1
chr17_45852709,chr17,45852709,45852545,45852947,45852747,ACGCTCACTGGGATGTGGTG,-1
chr17_45852796,chr17,45852796,45852545,45852947,45852747,CCACGTACTGGGTCCTGCAG,-1
chr17_45852796,chr17,45852796,45852517,45852984,45852751,CTGCAGGACCCAGTACGTGG,-1
chr17_45852832,chr17,45852832,45852545,45852947,45852747,ACGTTTTGCGCCTTTTTTCC,-1
"MAPT_CRE-17:43938763,-1",chr17,45861403,45861184,45861652,45861418,TGCTGAGCTAATGTTCAGGA,-1
"MAPT_CRE-17:43938784,1",chr17,45861410,45861184,45861652,45861418,CATTAGCTCAGCAACAATGA,1
"MAPT_CRE-17:43938877,1",chr17,45861503,45861184,45861652,45861418,GACTGCTATACATGGGCCCA,1
"MAPT_CRE-17:43938927,1",chr17,45861553,45861184,45861652,45861418,GAATTGAGGACAGAGCGTCA,1
"MAPT_CRE-17:43944691,1",chr17,45867317,45866981,45867658,45867320,ggtcctgccctcgacacaca,-1
"MAPT_CRE-17:43944815,-1",chr17,45867455,45866981,45867658,45867320,GACTGTATCTTCAATCCTGG,-1
chr17_45869956,chr17,45869956,45869943,45870410,45870177,GCACCAAAATAGTGCCTGCG,-1
chr17_45870079,chr17,45870079,45869943,45870410,45870177,taaaatgagaggattgaaca,1
chr17_45870192,chr17,45870192,45869943,45870410,45870177,CCCACGCACAGAGTGGAGTG,1
chr17_45870352,chr17,45870352,45869943,45870410,45870177,GTGATGGCTCTTTAGAAGGG,-1
"MAPT_CRE-17:43948067,1",chr17,45870693,45870653,45871255,45870954,gagatggggtttcaccatgt,1
chr17_45870735,chr17,45870735,45870702,45871169,45870936,ACGTGAATGTTAAGGAGCAG,-1
chr17_45870994,chr17,45870994,45870702,45871169,45870936,GAAAAGTGTTCAGTTAGTgg,-1
"MAPT_CRE-17:43948360,-1",chr17,45871000,45870653,45871255,45870954,CATCTATGAACAGGGCCCCG,1
chr17_45871039,chr17,45871039,45870702,45871169,45870936,TGTGGAGCATAGCATAGCCT,-1
"MAPT_CRE-17:43948405,-1",chr17,45871045,45870653,45871255,45870954,AGGGTCCCAAGGTGCCACCA,-1
chr17_45871148,chr17,45871148,45870702,45871169,45870936,aacagccctggatgcacagt,-1
"MAPT_CRE-17:43948587,-1",chr17,45871227,45870653,45871255,45870954,CTAGTAAGTTCATGCCCTCG,-1
"MAPT_CRE-17:43950951,-1",chr17,45873591,45873588,45874056,45873822,TGGCTGTACAGAGAATTTAG,-1
"MAPT_CRE-17:43951293,1",chr17,45873919,45873588,45874056,45873822,TCTCTGCGTTCATTCCTATG,1
"MAPT_CRE-17:43951296,-1",chr17,45873936,45873588,45874056,45873822,TTCCTGACGCTCCTCCACAT,-1
"MAPT_Promoter-17:43971319,1",chr17,45893945,45893500,45894500,45894000,TAAGCCGATTTGTTAAGGAA,1
"MAPT_Promoter-17:43971330,1",chr17,45893956,45893500,45894500,45894000,GTTAAGGAAAGGATTCACCT,1
chr17_45894110,chr17,45894110,45894066,45894533,45894300,TCTCCTACAGAAGTCCTGAG,-1
chr17_45894169,chr17,45894169,45894066,45894533,45894300,GTAAAGGGCAGCGGACCCAG,1
chr17_45894425,chr17,45894425,45894066,45894533,45894300,GCGCGCCCACTAGTGGCCGG,1
chr17_45894473,chr17,45894473,45894066,45894533,45894300,GGGAACGCGAGCCTCCCCAG,-1
"MAPT_CRE-17:43980240,-1",chr17,45902880,45902876,45903344,45903110,GCCTGGATTTAGCAGTAGGG,-1
"MAPT_CRE-17:43980431,-1",chr17,45903071,45902876,45903344,45903110,ATATCCTTGCTATCCCAGGG,-1
"MAPT_CRE-17:43980434,-1",chr17,45903074,45902876,45903344,45903110,CTAATATCCTTGCTATCCCA,-1
"MAPT_CRE-17:43980518,1",chr17,45903144,45902876,45903344,45903110,AATGCCAAGAACGAAGTGCT,1
"MAPT_CRE-17:43980543,1",chr17,45903169,45902876,45903344,45903110,GGACAAATTCATGGAACCGT,1
"MAPT_CRE-17:43980547,1",chr17,45903173,45902876,45903344,45903110,AAATTCATGGAACCGTGGGA,1
"MAPT_CRE-17:43980590,-1",chr17,45903230,45902876,45903344,45903110,AACGCTGGCTCCAATTCAGG,-1
"MAPT_CRE-17:43983794,1",chr17,45906420,45906245,45906713,45906479,TGAGTGATTAAATTAAAGCC,1
"MAPT_CRE-17:43983904,1",chr17,45906530,45906245,45906713,45906479,ATTTGAATTGAGCCAGAGCG,1
"MAPT_CRE-17:43983939,1",chr17,45906565,45906245,45906713,45906479,TGCCTTCACCCTGTAAATGG,1
"MAPT_CRE-17:43984992,-1",chr17,45907632,45907608,45908076,45907842,tactggaactGAGTGCTAGG,-1
"MAPT_CRE-17:43985103,1",chr17,45907729,45907608,45908076,45907842,caacttaacgcactccccat,1
"MAPT_CRE-17:43985106,-1",chr17,45907746,45907608,45908076,45907842,AAAactcatttggaccaatg,-1
"MAPT_CRE-17:43985198,1",chr17,45907824,45907608,45908076,45907842,ctcgttaatcctcagtcccg,1
"MAPT_CRE-17:43985186,-1",chr17,45907826,45907608,45908076,45907842,ctcgggactgaggattaacg,-1
"MAPT_CRE-17:43985204,-1",chr17,45907844,45907608,45908076,45907842,gaggataataatccccacct,-1
"MAPT_CRE-17:43985439,-1",chr17,45908079,45907608,45908076,45907842,TACATATGACCCATTCACAG,-1
chr17_45940399,chr17,45940399,45940260,45940727,45940494,gattccccaactcacagatg,-1
chr17_45940466,chr17,45940466,45940260,45940727,45940494,atgtgttgaattatcccaag,1
chr17_45940625,chr17,45940625,45940260,45940727,45940494,gcttgaagaggagacgacag,1
chr17_45940652,chr17,45940652,45940260,45940727,45940494,gggatagttgaatctgtgaa,1
chr17_45940803,chr17,45940803,45940785,45941252,45941019,gagctcattacctcttaagg,-1
chr17_45940967,chr17,45940967,45940785,45941252,45941019,TGGCTCAACCCTCATCACTG,-1
chr17_45941034,chr17,45941034,45940785,45941252,45941019,AGGAAAAAGCAATTGACTCG,-1
chr17_45941095,chr17,45941095,45940785,45941252,45941019,TGGAAAACAGGAGACCGGAG,1
"MAPT_CRE-17:44019662,-1",chr17,45942302,45942182,45942650,45942416,AAGAAACGTACACTCTAGAG,-1
"MAPT_CRE-17:44019744,-1",chr17,45942384,45942182,45942650,45942416,CCTGGTCCCGTGACACCCTG,-1
chr17_45942469,chr17,45942469,45942263,45942730,45942497,TTGACAGTACCCACGACACG,-1
chr17_45942495,chr17,45942495,45942263,45942730,45942497,GACCAGGGGATGATCTCACA,1
chr17_45942547,chr17,45942547,45942263,45942730,45942497,CTAGATTCAGAGTCCACCAG,-1
chr17_45942585,chr17,45942585,45942263,45942730,45942497,GCTCCCGTCTGAATTTGGAG,-1
chr17_45946825,chr17,45946825,45946750,45947217,45946984,ATTCCCAGATTGTGTCTGAG,-1
chr17_45946891,chr17,45946891,45946750,45947217,45946984,TGCCACTGTGTGCACACGGA,-1
chr17_45946900,chr17,45946900,45946750,45947217,45946984,AACCATCCGTGTGCACACAG,1
chr17_45947191,chr17,45947191,45946750,45947217,45946984,TCTTACTGAGCACCTCCCAG,1
"MAPT_CRE-17:44026076,-1",chr17,45948716,45948388,45948856,45948622,atgctgacataatacagctg,-1
"MAPT_CRE-17:44026156,-1",chr17,45948796,45948388,45948856,45948622,AAAGCAGGATTTCTCATGAT,-1
chr17_45949161,chr17,45949161,45948995,45949462,45949229,CTTTCCCCAGACCAGAACCG,1
chr17_45949279,chr17,45949279,45948995,45949462,45949229,GCAGCCTGAGACACCCGCCG,1
chr17_45949351,chr17,45949351,45948995,45949462,45949229,CGGGCTGGTCTCCTACACCG,-1
chr17_45949418,chr17,45949418,45948995,45949462,45949229,GGAGCTGACGTTCATTACCC,-1
chr17_45956681,chr17,45956681,45956591,45957058,45956825,atgggtgcagcacaccaaca,-1
chr17_45956773,chr17,45956773,45956591,45957058,45956825,aaggggaacatcacacactg,-1
chr17_45956830,chr17,45956830,45956591,45957058,45956825,cacagcatgttctcactcgt,-1
"MAPT_CRE-17:44034193,-1",chr17,45956833,45956823,45956843,45956833,agcatgttctcactcgtagg,-1
chr17_45956961,chr17,45956961,45956591,45957058,45956825,aatgtggcacatatacacca,-1
"MAPT_CRE-17:44034327,-1",chr17,45956967,45956823,45956843,45956833,aatgtggcacatatacacca,-1
"MAPT_CRE-17:44042767,1",chr17,45965393,45965382,45966181,45965782,CGGTGCTTAAATCACAGTGG,-1
"MAPT_CRE-17:44042760,-1",chr17,45965400,45965382,45966181,45965782,TCGGAAGAAGAAGACGTCGG,-1
"MAPT_CRE-17:44042774,-1",chr17,45965414,45965382,45966181,45965782,GGGTCCTACGGACATCCCAG,-1
"MAPT_CRE-17:44042795,-1",chr17,45965435,45965382,45966181,45965782,TAAATGTTCCAGGTGCACCT,1
chr17_45971752,chr17,45971752,45971524,45971991,45971758,GAGCTGAAAATCGCTCCCTG,-1
chr17_45971831,chr17,45971831,45971524,45971991,45971758,ACAGTGAGCCCTCAGAACGG,-1
"MAPT_CRE-17:44054470,-1",chr17,45977110,45977081,45977549,45977315,GCATGACACAGACACCCTCC,-1
chr17_45977206,chr17,45977206,45977103,45977570,45977337,TGGTAGCCTCAGAAACACCC,-1
chr17_45977262,chr17,45977262,45977103,45977570,45977337,TGTGTGAAGAGTGTAGGCAA,-1
"MAPT_CRE-17:44054838,1",chr17,45977464,45977081,45977549,45977315,GAGGTCAATGCATGTCAACG,1
chr17_45977472,chr17,45977472,45977103,45977570,45977337,GAGGTCAATGCATGTCAACG,1
chr17_45983700,chr17,45983700,45983251,45984750,45984001,GTGAAACGTGAACTCCAGGG,-1
chr17_45984285,chr17,45984285,45983251,45984750,45984001,GAGAGTTCTAGACACCATGA,-1
chr17_46003997,chr17,46003997,46003911,46004378,46004145,ATCAGCTTAGGAACTGACAC,-1
"MAPT_CRE-17:44081363,-1",chr17,46004003,46003937,46004405,46004171,ATCAGCTTAGGAACTGACAC,-1
chr17_46004065,chr17,46004065,46003911,46004378,46004145,TCTGCTGGGAGTTTAACCCG,-1
"MAPT_CRE-17:44081431,-1",chr17,46004071,46003937,46004405,46004171,TCTGCTGGGAGTTTAACCCG,-1
chr17_46004185,chr17,46004185,46003911,46004378,46004145,CAGCCTGGGAGCCAACTGTG,1
"MAPT_CRE-17:44081562,1",chr17,46004188,46003937,46004405,46004171,CCAACTGTGAGGCACGGACg,1
chr17_46004196,chr17,46004196,46003911,46004378,46004145,CCAACTGTGAGGCACGGACg,1
"MAPT_CRE-17:44091430,-1",chr17,46014070,46013855,46014323,46014089,GGAGCACATCCTAGTCAGGG,-1
"MAPT_CRE-17:44091640,1",chr17,46014266,46013855,46014323,46014089,CAAACCAGTTGACCTGAGCA,1
"MAPT_CRE-17:44092651,1",chr17,46015277,46015334,46015354,46015344,gagaatcacttgaacctggg,1
"MAPT_CRE-17:44092704,-1",chr17,46015344,46015334,46015354,46015344,acggagtttcactgtcaccc,-1
"MAPT_CRE-17:44092753,1",chr17,46015379,46015334,46015354,46015344,aaaaaTACagctgggcacgg,1
"MAPT_CRE-17:44092848,1",chr17,46015474,46015334,46015354,46015344,ctggctaacacggtgaaacc,1
chr17_46026471,chr17,46026471,46026248,46027148,46026698,TCTCATGGCAGTCCCAAAGG,1
chr17_46026902,chr17,46026902,46026248,46027148,46026698,TACAGTTAAAGGCAACCCTG,1
chr17_46027020,chr17,46027020,46026248,46027148,46026698,GGACTCAGCGAACGGCAGGG,-1
chr17_46027120,chr17,46027120,46026248,46027148,46026698,ACTGTTGGCAGTAATGAGGG,-1
chr17_46031478,chr17,46031478,46031344,46031811,46031578,GCGCCCGACTCACAGATGAG,-1
chr17_46031669,chr17,46031669,46031344,46031811,46031578,CCTGGGGACTGTGCGCCAGG,1
chr17_46193292,chr17,46193292,46192353,46194356,46193355,GAAGCCGACTCGTCTCGCCG,-1
chr17_46193750,chr17,46193750,46192353,46194356,46193355,GCCGAGGTGAGTCTAACCTG,1
chr17_46193838,chr17,46193838,46192353,46194356,46193355,GCTCACGTCCTCTCGCTCCG,-1
chr17_46193993,chr17,46193993,46192353,46194356,46193355,AGCCGTGCTGCAGTATACGG,-1
chr17_46225561,chr17,46225561,46224763,46225789,46225277,tctcGGCCCTTGGAAACGAG,1
chr17_46225654,chr17,46225654,46224763,46225789,46225277,CTCTGAACGCCCTACCTAAG,-1
chr17_46225725,chr17,46225725,46224763,46225789,46225277,TCCTGGATGAAAGAACCTCG,-1
"MAPT_CRE-17:44341842,1",chr17,46264468,46264203,46265543,46264873,atacagttagccaggcatga,-1
chr17_46264773,chr17,46264773,46264719,46265186,46264953,gcaagctggatggttcccag,-1
"MAPT_CRE-17:44342376,1",chr17,46265002,46264203,46265543,46264873,aggTGTGTATACCTGTCGGG,-1
chr17_46265014,chr17,46265014,46264719,46265186,46264953,CTAGTAAGTTCATGCCCTCG,-1
"MAPT_CRE-17:44342380,-1",chr17,46265020,46264203,46265543,46264873,TGTGGAGCATAGCATAGCCT,-1
"MAPT_CRE-17:44343761,1",chr17,46266387,46266377,46269192,46267785,TCACAGGACAGACATTCTCG,1
"MAPT_CRE-17:44344021,-1",chr17,46266661,46266377,46269192,46267785,GGTCCTACGGACATCCCAGA,-1
"MAPT_CRE-17:44344710,1",chr17,46267336,46266377,46269192,46267785,ACTCACCAGAGTCCAGTGCT,-1
"MAPT_CRE-17:44344807,-1",chr17,46267447,46266377,46269192,46267785,ACGAAAGCCTTCTGTGAGTG,1
"MAPT_CRE-17:44345051,-1",chr17,46267691,46266377,46269192,46267785,GAACGGGATAGTGCATGACG,1
chr17_46291386,chr17,46291386,46291120,46291587,46291354,gtgagcaggactaaaactgc,1
chr17_46291454,chr17,46291454,46291120,46291587,46291354,taacagtaagagtttctcgg,1
chr17_46291507,chr17,46291507,46291120,46291587,46291354,TCaacccttaacttccagca,-1
chr17_46465010,chr17,46465010,46264719,46265186,46264953,CATCTATGAACAGGGCCCCG,1
chr17_46764872,chr17,46764872,46764765,46765232,46764999,aaggccctcagctagaggtg,-1
chr17_46765022,chr17,46765022,46764765,46765232,46764999,CATTATCAAGCTATTTGGTG,-1
chr17_46777576,chr17,46777576,46777486,46778634,46778061,GACAGAAGGAAATCCCTGTG,-1
chr17_46778047,chr17,46778047,46777486,46778634,46778061,ggtaaaatagACACGACAGG,1
chr17_46827245,chr17,46827245,46826330,46827829,46827080,actgatctaagtcaatcacg,1
chr17_46827655,chr17,46827655,46826330,46827829,46827080,GGAGGATACAGATagttagg,-1
chr17_46832385,chr17,46832385,46832203,46832670,46832437,ATACACAACACAAGACACAG,1
chr17_46832538,chr17,46832538,46832203,46832670,46832437,TAAGCACCGAGAGAAAGCCC,1
chr17_46841336,chr17,46841336,46841284,46842136,46841711,ggccagcctaggtatcctgg,1
chr17_46841497,chr17,46841497,46841284,46842136,46841711,TGGCACGACCTTGAGGACCA,-1
chr17_46884110,chr17,46884110,46883708,46884707,46884208,ACGTCTCAACAAGTCCAGGG,1
chr17_46884647,chr17,46884647,46883708,46884707,46884208,aatacaacaatgcacacgag,-1