TAACAGTAGGTGTTTCAAGC	SYVN1_pDS442
TAACTATACCGATTGATGGC	STT3A_pDS011
TAAGACAGCGATCTACATGC	P4HB_pDS397
TAATGCGCAAACGGCAGTGC	UFM1_pDS040
TAATTGCAAGACACCTCACC	CCND3_pDS006
TACATGTCCCAGTTCTTCAC	XRN1_pDS411
TACCAGCAGCATGAGACAAC	TIMM44_pDS430
TACGATCACGAGACAACATC	SCYL1_pDS159
TACGCGAACCAGACGTACCC	MRPL39_pDS498
TACTCTTTTGGCATAACCAC	DARS_pDS495
TAGACACTCCAGACGCCGAC	TMEM167A_pDS038
TAGACGGCGTGTATCAAATC	DNAJC19_pDS026
TAGATACCGACGATTGTAGC	COPZ1_pDS462
TAGGTATGCGCGGCTGGAGC	PDIA6_pDS029
TAGGTCTCTTCCCTTCGTAC	ATP5B_pDS055
TATAGTGGTCGGCGGACTGC	CAD_pDS468
TATCACAGTGCATGCCGACC	HSPA5_pDS017
TATCATCGAACACTGCGTGC	IARS2_pDS091
TATGTCACATGTCGGCTGGC	SRP68_pDS403
TATGTCCGTCAGGGAGTTTC	TIMM23_pDS284
TATTCACGCTGGACATGAGC	YIPF5_pDS186
TCAAACGGTACCGCGCCGGC	SEC61A1_pDS031
TCAACGTTACGTGGCTACGC	SARS_pDS467
TCAGCCGTAAACGCACGACC	DAD1_pDS499
TCATAGAACGCCCTACACGC	ARHGAP22_pDS458
TCCACGCCCCGAATCACAGC	HSPA5_pDS371
TCCACGTCACAGGCATCGGC	IARS2_pDS090
TCCATGGAAGGATCTGATGC	TTI2_pDS408
TCCATTTCTATAGTGTGATC	MARS_pDS394
TCCCCGTGCTTCTCTGTAGC	PTDSS1_pDS478
TCCCGATGCATGAAAGCCAC	IER3IP1_pDS002
TCCCTCGGCCGCTTTGGAGC	SEC61A1_pDS032
TCCGATCCGCTTTGAAACCC	ASCC3_pDS051
TCCGTATTGCGTTCCAACTC	SCYL1_pDS160
TCCGTTCTGCACGACTGAGC	EIF2B3_pDS508
TCCTAATCAAAGCAGCCGTC	SEC61B_pDS162
TCGATCAGCAAACCTAACGC	PPWD1_pDS398
TCGATTCGAATATTGGTTCC	PSMD4_pDS488
TCGCAGACGCGGATCGTTTC	SEL1L_pDS373
TCGCCTTGAGAGGGACAAGC	SRPRB_pDS404
TCTAACAAACCCAGATTCAC	MANF_pDS027
TCTAGTACGCCGAATTGTCC	CARS_pDS460
TCTAGTAGAGCAACGAATCC	AMIGO3_pDS434
TCTATCTACAACGCTGACGC	DHDDS_pDS383
TCTCAGCATTCAGCGAACGC	TELO2_pDS496
TCTCGGCTTTCGTGGCTGGC	TTI1_pDS407
TCTGAAACCGGAAACATCGC	AARS_pDS381
TCTGGCCAAGGACACAAGGC	YIPF5_pDS226
TCTTGTTAGCATTCGTCGGC	SPCS2_pDS401
TCTTGTTGTGGCAGAATTAC	DERL2_pDS042
TGAACGACAATGGTGGATGC	SLC39A7_pDS219
TGACAGGAGCACACCGTAAC	KCTD16_pDS096
TGAGATAGCTCGTCTCACAC	HYOU1_pDS089
TGAGGAGCACTACTATAAGC	FECH_pDS494
TGATGAATACAGACACACGC	non-targeting_63(mod)_pBA580
TGATTAATCCAGCCCTGCGC	SLMO2_pDS433
TGATTACAGATGCACAACGC	SRP72_pDS505
TGATTTGTAAGATTATACCC	SEC61B_pDS033
TGCAGGCTACTTCATGATAC	QARS_pDS510
TGCCACACATCTCTGGTCGC	SRPR_pDS482
TGCCCAGCGTGTGAGAGTTC	FARSB_pDS390
TGCCGACGAGTGGTGCAAGC	TMED10_pDS036
TGCCGTAGGCATACTCGGGC	EIF2B4_pDS491
TGCGCCACCAATCCATATGC	SEC63_pDS218
TGCGTTAAACATCGAACGTC	TARS_pDS405
TGCTACAACATTCGATGAGC	SPCS3_pDS402
TGCTACGGCAGACGAGCATC	NEDD8_pDS396
TGGAGGTCGGCGAGGTAATC	DDRGK1_pDS041
TGGCAGTGAAGCCAGGGAGC	HARS_pDS466
TGTAATGTACGTTGAACAAC	UFL1_pDS410
TGTCCATGACTGATCCGCGC	MRGBP_pDS124
TGTGAACGTAGCTATCTATC	MTHFD1_pDS395
TGTGACGTAGCTTTACATCC	HSD17B12_pDS087
TGTGATTCCCGCACGACACC	OST4_pDS353
TGTTCACCCGATATTGCGGC	HSPA9_pDS088
TGTTCGGCAGATCCCGGTGC	EIF2S1_pDS386
TTACAAGCCCTACATATCAC	non-targeting_Gal4-4(mod)_pBA582
TTACGAAACCGACATTACGC	DNAJC19_pDS074
TTAGTGAGCGGCGTCCACGC	SLC35B1_pDS046
TTCAACGCACGCACCGACGC	SOCS1_pDS479
TTCAAGAATCCCACTATAGC	GNPNAT1_pDS506
TTCATATACAGGCGTGCTGC	TMED2_pDS175
TTCCCAGGTAAGTACACGGC	GBF1_pDS044
TTCTCCGCAACAGAACGATC	IDH3A_pDS393
TTGATCAGGCGCGCGTAGGC	ASCC3_pDS052
TTGCCACCGACACGGTGACC	DDOST_pDS382
TTGCGACCCTATTTGCTAGC	GBF1_pDS043
TTGGACCGTCGCGCCGATAC	COPB1_pDS065
TTGGCGGTTGTTGAATTAGC	SAMM50_pDS156
TTGTTCAAAGTACCTTGAGC	CHERP_pDS024
TTGTTTGCGGGAACCCTAGC	GMPPB_pDS391
TTTATCTGCTTACGAGACCC	IER3IP1_pDS110
TTTGGCCGTCAGAACCTGGC	SEC61G_pDS440
TTTGGCTAGTCGTCACAGAC	EIF2B2_pDS463
